{
  "parent": "minecraft:item/generated",
  "overrides": [
    {
      "predicate": { "custom_model_data": 1950001}, "model": "smithres/sforge"
    },
    {
      "predicate": { "custom_model_data": 1950002}, "model": "smithres/timedial"
    },
    {
      "predicate": { "custom_model_data": 1950003}, "model": "smithres/weatherbeacon"
    },
    {
      "predicate": { "custom_model_data": 1950004}, "model": "smithres/boar"
    },
    {
      "predicate": { "custom_model_data": 1950005}, "model": "smithres/boardrill"
    }
  ],
  "textures": {
    "layer0": "minecraft:item/leather"
  }
}