{
    "vibraslap": {
        "sounds": [
            {
                "name": "vibraslap",
                "weight": 1
            }
        ]
    },
    "todoblackflash": {
        "sounds": [
            {
                "name": "todoblackflash",
                "weight": 1
            }
        ]
    },
    "atomicboom": {
        "sounds": [
            {
                "name": "atomicboom",
                "weight": 1
            }
        ]
    },
    "iamatomic": {
        "sounds": [
            {
                "name": "iamatomic",
                "weight": 1
            }
        ]
    },
    "yujiblackflash": {
        "sounds": [
            {
                "name": "yujiblackflash",
                "weight": 1
            }
        ]
    },
    "yujidomain": {
        "sounds": [
            {
                "name": "yujidomain",
                "weight": 1
            }
        ]
    }
}