{
	"credit": "Made with Blockbench",
	"texture_size": [256, 256],
	"textures": {
		"0": "smithresource/boarbodtext",
		"particle": "smithresource/boarbodtext"
	},
	"elements": [
		{
			"from": [22, 2, -11],
			"to": [23, 12, 27],
			"rotation": {"angle": 0, "axis": "y", "origin": [22, 0, 1]},
			"faces": {
				"north": {"uv": [6.25, 10.5, 6.3125, 11.125], "texture": "#0"},
				"east": {"uv": [8.25, 2.5, 10.625, 3.125], "texture": "#0"},
				"south": {"uv": [6.3125, 10.5, 6.375, 11.125], "texture": "#0"},
				"west": {"uv": [8.25, 3.125, 10.625, 3.75], "texture": "#0"},
				"up": {"uv": [6.4375, 11.5, 6.375, 9.125], "texture": "#0"},
				"down": {"uv": [6.5, 9.125, 6.4375, 11.5], "texture": "#0"}
			}
		},
		{
			"from": [-7, 31, -6],
			"to": [23, 32, 22],
			"rotation": {"angle": 0, "axis": "y", "origin": [8, 3, 5]},
			"faces": {
				"north": {"uv": [1.75, 6.6875, 3.625, 6.75], "texture": "#0"},
				"east": {"uv": [0, 6.6875, 1.75, 6.75], "texture": "#0"},
				"south": {"uv": [5.375, 6.6875, 7.25, 6.75], "texture": "#0"},
				"west": {"uv": [3.625, 6.6875, 5.375, 6.75], "texture": "#0"},
				"up": {"uv": [3.625, 6.6875, 1.75, 4.9375], "texture": "#0"},
				"down": {"uv": [5.5, 4.9375, 3.625, 6.6875], "texture": "#0"}
			}
		},
		{
			"from": [-7, 31, 20],
			"to": [23, 32, 30],
			"rotation": {"angle": 45, "axis": "x", "origin": [8, 31, 21]},
			"faces": {
				"north": {"uv": [0.625, 7.375, 2.5, 7.4375], "texture": "#0"},
				"east": {"uv": [0, 7.375, 0.625, 7.4375], "texture": "#0"},
				"south": {"uv": [3.125, 7.375, 5, 7.4375], "texture": "#0"},
				"west": {"uv": [2.5, 7.375, 3.125, 7.4375], "texture": "#0"},
				"up": {"uv": [2.5, 7.375, 0.625, 6.75], "texture": "#0"},
				"down": {"uv": [4.375, 6.75, 2.5, 7.375], "texture": "#0"}
			}
		},
		{
			"from": [-7, 30, -12],
			"to": [23, 32, -5],
			"rotation": {"angle": -22.5, "axis": "x", "origin": [8, 31, -7]},
			"faces": {
				"north": {"uv": [0.4375, 7.875, 2.3125, 8], "texture": "#0"},
				"east": {"uv": [0, 7.875, 0.4375, 8], "texture": "#0"},
				"south": {"uv": [2.75, 7.875, 4.625, 8], "texture": "#0"},
				"west": {"uv": [2.3125, 7.875, 2.75, 8], "texture": "#0"},
				"up": {"uv": [2.3125, 7.875, 0.4375, 7.4375], "texture": "#0"},
				"down": {"uv": [4.1875, 7.4375, 2.3125, 7.875], "texture": "#0"}
			}
		},
		{
			"from": [-6, 2, -12],
			"to": [22, 3, 27],
			"rotation": {"angle": 0, "axis": "y", "origin": [8, -26, 5]},
			"faces": {
				"north": {"uv": [2.4375, 2.4375, 4.1875, 2.5], "texture": "#0"},
				"east": {"uv": [0, 2.4375, 2.4375, 2.5], "texture": "#0"},
				"south": {"uv": [6.625, 2.4375, 8.375, 2.5], "texture": "#0"},
				"west": {"uv": [4.1875, 2.4375, 6.625, 2.5], "texture": "#0"},
				"up": {"uv": [4.1875, 2.4375, 2.4375, 0], "texture": "#0"},
				"down": {"uv": [5.9375, 0, 4.1875, 2.4375], "texture": "#0"}
			}
		},
		{
			"from": [-6, 3, -11],
			"to": [22, 4, 27],
			"rotation": {"angle": 0, "axis": "y", "origin": [8, -25, 5]},
			"faces": {
				"north": {"uv": [2.375, 4.875, 4.125, 4.9375], "texture": "#0"},
				"east": {"uv": [0, 4.875, 2.375, 4.9375], "texture": "#0"},
				"south": {"uv": [6.5, 4.875, 8.25, 4.9375], "texture": "#0"},
				"west": {"uv": [4.125, 4.875, 6.5, 4.9375], "texture": "#0"},
				"up": {"uv": [4.125, 4.875, 2.375, 2.5], "texture": "#0"},
				"down": {"uv": [5.875, 2.5, 4.125, 4.875], "texture": "#0"}
			}
		},
		{
			"from": [-7, 2, 27],
			"to": [23, 26, 28],
			"rotation": {"angle": 0, "axis": "y", "origin": [8, -2, 7]},
			"faces": {
				"north": {"uv": [7.3125, 5, 9.1875, 6.5], "texture": "#0"},
				"east": {"uv": [7.25, 5, 7.3125, 6.5], "texture": "#0"},
				"south": {"uv": [9.25, 5, 11.125, 6.5], "texture": "#0"},
				"west": {"uv": [9.1875, 5, 9.25, 6.5], "texture": "#0"},
				"up": {"uv": [9.1875, 5, 7.3125, 4.9375], "texture": "#0"},
				"down": {"uv": [11.0625, 4.9375, 9.1875, 5], "texture": "#0"}
			}
		},
		{
			"from": [-7, 2, -12],
			"to": [23, 30, -11],
			"rotation": {"angle": 0, "axis": "y", "origin": [8, -2, -32]},
			"faces": {
				"north": {"uv": [5.0625, 6.8125, 6.9375, 8.5625], "texture": "#0"},
				"east": {"uv": [5, 6.8125, 5.0625, 8.5625], "texture": "#0"},
				"south": {"uv": [7, 6.8125, 8.875, 8.5625], "texture": "#0"},
				"west": {"uv": [6.9375, 6.8125, 7, 8.5625], "texture": "#0"},
				"up": {"uv": [6.9375, 6.8125, 5.0625, 6.75], "texture": "#0"},
				"down": {"uv": [8.8125, 6.75, 6.9375, 6.8125], "texture": "#0"}
			}
		},
		{
			"from": [-5, 5, -14],
			"to": [20, 27, -12],
			"rotation": {"angle": 0, "axis": "y", "origin": [0, 12, -14]},
			"faces": {
				"north": {"uv": [0, 8, 1.5625, 9.375], "texture": "#0"},
				"east": {"uv": [6.125, 9.125, 6.25, 10.5], "texture": "#0"},
				"south": {"uv": [1.5625, 8, 3.125, 9.375], "texture": "#0"},
				"west": {"uv": [6.25, 9.125, 6.375, 10.5], "texture": "#0"},
				"up": {"uv": [8.8125, 6.625, 7.25, 6.5], "texture": "#0"},
				"down": {"uv": [8.8125, 6.625, 7.25, 6.75], "texture": "#0"}
			}
		},
		{
			"from": [22, 18, -8],
			"to": [23, 28, -5],
			"rotation": {"angle": 45, "axis": "x", "origin": [23, 23, -7]},
			"faces": {
				"north": {"uv": [0.375, 10.5625, 0.4375, 11.1875], "texture": "#0"},
				"east": {"uv": [0.75, 9.875, 0.9375, 10.5], "texture": "#0"},
				"south": {"uv": [0.4375, 10.5625, 0.5, 11.1875], "texture": "#0"},
				"west": {"uv": [0.9375, 9.875, 1.125, 10.5], "texture": "#0"},
				"up": {"uv": [8.875, 6.6875, 8.8125, 6.5], "texture": "#0"},
				"down": {"uv": [3.8125, 10.75, 3.75, 10.9375], "texture": "#0"}
			}
		},
		{
			"from": [22, 9, -8],
			"to": [23, 19, -5],
			"rotation": {"angle": -45, "axis": "x", "origin": [23, 14, -7]},
			"faces": {
				"north": {"uv": [0.5, 10.5625, 0.5625, 11.1875], "texture": "#0"},
				"east": {"uv": [1.125, 9.875, 1.3125, 10.5], "texture": "#0"},
				"south": {"uv": [0.5625, 10.5625, 0.625, 11.1875], "texture": "#0"},
				"west": {"uv": [1.3125, 9.875, 1.5, 10.5], "texture": "#0"},
				"up": {"uv": [3.875, 10.9375, 3.8125, 10.75], "texture": "#0"},
				"down": {"uv": [3.9375, 10.75, 3.875, 10.9375], "texture": "#0"}
			}
		},
		{
			"from": [22, 9, 22],
			"to": [23, 19, 25],
			"rotation": {"angle": 45, "axis": "x", "origin": [23, 14, 23]},
			"faces": {
				"north": {"uv": [10.625, 2.5, 10.6875, 3.125], "texture": "#0"},
				"east": {"uv": [1.5, 9.875, 1.6875, 10.5], "texture": "#0"},
				"south": {"uv": [10.625, 3.125, 10.6875, 3.75], "texture": "#0"},
				"west": {"uv": [1.6875, 9.875, 1.875, 10.5], "texture": "#0"},
				"up": {"uv": [10.8125, 4.0625, 10.75, 3.875], "texture": "#0"},
				"down": {"uv": [4, 10.75, 3.9375, 10.9375], "texture": "#0"}
			}
		},
		{
			"from": [22, 17, 22],
			"to": [23, 27, 25],
			"rotation": {"angle": -45, "axis": "x", "origin": [23, 22, 23]},
			"faces": {
				"north": {"uv": [10.625, 3.75, 10.6875, 4.375], "texture": "#0"},
				"east": {"uv": [1.875, 9.875, 2.0625, 10.5], "texture": "#0"},
				"south": {"uv": [10.625, 6.5, 10.6875, 7.125], "texture": "#0"},
				"west": {"uv": [2.0625, 9.875, 2.25, 10.5], "texture": "#0"},
				"up": {"uv": [4.0625, 10.9375, 4, 10.75], "texture": "#0"},
				"down": {"uv": [4.125, 10.75, 4.0625, 10.9375], "texture": "#0"}
			}
		},
		{
			"from": [22, 18, 22],
			"to": [23, 28, 25],
			"rotation": {"angle": -45, "axis": "x", "origin": [23, 23, 23]},
			"faces": {
				"north": {"uv": [10.625, 7.125, 10.6875, 7.75], "texture": "#0"},
				"east": {"uv": [2.25, 9.875, 2.4375, 10.5], "texture": "#0"},
				"south": {"uv": [10.625, 7.75, 10.6875, 8.375], "texture": "#0"},
				"west": {"uv": [2.4375, 9.875, 2.625, 10.5], "texture": "#0"},
				"up": {"uv": [4.1875, 10.9375, 4.125, 10.75], "texture": "#0"},
				"down": {"uv": [4.25, 10.75, 4.1875, 10.9375], "texture": "#0"}
			}
		},
		{
			"from": [22, 22, 22],
			"to": [23, 32, 25],
			"rotation": {"angle": -45, "axis": "x", "origin": [23, 27, 23]},
			"faces": {
				"north": {"uv": [10.625, 8.375, 10.6875, 9], "texture": "#0"},
				"east": {"uv": [6.625, 9.875, 6.8125, 10.5], "texture": "#0"},
				"south": {"uv": [10.625, 10.4375, 10.6875, 11.0625], "texture": "#0"},
				"west": {"uv": [6.8125, 9.875, 7, 10.5], "texture": "#0"},
				"up": {"uv": [4.3125, 10.9375, 4.25, 10.75], "texture": "#0"},
				"down": {"uv": [4.375, 10.75, 4.3125, 10.9375], "texture": "#0"}
			}
		},
		{
			"from": [22, 20, -11],
			"to": [23, 26, -5],
			"rotation": {"angle": 0, "axis": "y", "origin": [22, 7, 1]},
			"faces": {
				"north": {"uv": [10.6875, 3.75, 10.75, 4.125], "texture": "#0"},
				"east": {"uv": [6.625, 9.125, 7, 9.5], "texture": "#0"},
				"south": {"uv": [4.625, 10.6875, 4.6875, 11.0625], "texture": "#0"},
				"west": {"uv": [7, 9.125, 7.375, 9.5], "texture": "#0"},
				"up": {"uv": [4.75, 11.0625, 4.6875, 10.6875], "texture": "#0"},
				"down": {"uv": [4.8125, 10.6875, 4.75, 11.0625], "texture": "#0"}
			}
		},
		{
			"from": [-7, 24, -11],
			"to": [-6, 30, -5],
			"rotation": {"angle": 0, "axis": "y", "origin": [-7, 11, 1]},
			"faces": {
				"north": {"uv": [4.8125, 10.6875, 4.875, 11.0625], "texture": "#0"},
				"east": {"uv": [7.375, 9.125, 7.75, 9.5], "texture": "#0"},
				"south": {"uv": [4.875, 10.6875, 4.9375, 11.0625], "texture": "#0"},
				"west": {"uv": [2.75, 9.375, 3.125, 9.75], "texture": "#0"},
				"up": {"uv": [5, 11.0625, 4.9375, 10.6875], "texture": "#0"},
				"down": {"uv": [10.75, 6.5, 10.6875, 6.875], "texture": "#0"}
			}
		},
		{
			"from": [22, 24, -11],
			"to": [23, 30, -5],
			"rotation": {"angle": 0, "axis": "y", "origin": [22, 11, 1]},
			"faces": {
				"north": {"uv": [6.625, 10.6875, 6.6875, 11.0625], "texture": "#0"},
				"east": {"uv": [0, 9.5, 0.375, 9.875], "texture": "#0"},
				"south": {"uv": [6.6875, 10.6875, 6.75, 11.0625], "texture": "#0"},
				"west": {"uv": [0.375, 9.5, 0.75, 9.875], "texture": "#0"},
				"up": {"uv": [6.8125, 11.0625, 6.75, 10.6875], "texture": "#0"},
				"down": {"uv": [6.875, 10.6875, 6.8125, 11.0625], "texture": "#0"}
			}
		},
		{
			"from": [22, 20, 21],
			"to": [23, 26, 27],
			"rotation": {"angle": 0, "axis": "y", "origin": [22, 7, 1]},
			"faces": {
				"north": {"uv": [6.875, 10.6875, 6.9375, 11.0625], "texture": "#0"},
				"east": {"uv": [0.75, 9.5, 1.125, 9.875], "texture": "#0"},
				"south": {"uv": [10.6875, 6.875, 10.75, 7.25], "texture": "#0"},
				"west": {"uv": [1.125, 9.5, 1.5, 9.875], "texture": "#0"},
				"up": {"uv": [7, 11.0625, 6.9375, 10.6875], "texture": "#0"},
				"down": {"uv": [7.0625, 10.6875, 7, 11.0625], "texture": "#0"}
			}
		},
		{
			"from": [22, 17, 26],
			"to": [23, 20, 27],
			"rotation": {"angle": 0, "axis": "y", "origin": [22, 7, -32]},
			"faces": {
				"north": {"uv": [4.375, 10.75, 4.4375, 10.9375], "texture": "#0"},
				"east": {"uv": [4.4375, 10.75, 4.5, 10.9375], "texture": "#0"},
				"south": {"uv": [4.5, 10.75, 4.5625, 10.9375], "texture": "#0"},
				"west": {"uv": [4.5625, 10.75, 4.625, 10.9375], "texture": "#0"},
				"up": {"uv": [8.875, 6.75, 8.8125, 6.6875], "texture": "#0"},
				"down": {"uv": [2.6875, 9.6875, 2.625, 9.75], "texture": "#0"}
			}
		},
		{
			"from": [22, 17, -11],
			"to": [23, 20, -9],
			"rotation": {"angle": 0, "axis": "y", "origin": [22, 7, -32]},
			"faces": {
				"north": {"uv": [10.75, 6.5, 10.8125, 6.6875], "texture": "#0"},
				"east": {"uv": [2.625, 9.5, 2.75, 9.6875], "texture": "#0"},
				"south": {"uv": [10.75, 6.6875, 10.8125, 6.875], "texture": "#0"},
				"west": {"uv": [0.625, 10.25, 0.75, 10.4375], "texture": "#0"},
				"up": {"uv": [9.75, 10.875, 9.6875, 10.75], "texture": "#0"},
				"down": {"uv": [10.875, 3, 10.8125, 3.125], "texture": "#0"}
			}
		},
		{
			"from": [22, 12, -11],
			"to": [23, 17, -6],
			"rotation": {"angle": 0, "axis": "y", "origin": [22, 7, -32]},
			"faces": {
				"north": {"uv": [4.9375, 10.1875, 5, 10.5], "texture": "#0"},
				"east": {"uv": [10, 10.125, 10.3125, 10.4375], "texture": "#0"},
				"south": {"uv": [1.5, 10.75, 1.5625, 11.0625], "texture": "#0"},
				"west": {"uv": [4.625, 10.1875, 4.9375, 10.5], "texture": "#0"},
				"up": {"uv": [1.625, 11.0625, 1.5625, 10.75], "texture": "#0"},
				"down": {"uv": [1.6875, 10.75, 1.625, 11.0625], "texture": "#0"}
			}
		},
		{
			"from": [22, 12, 22],
			"to": [23, 17, 27],
			"rotation": {"angle": 0, "axis": "y", "origin": [22, 7, 1]},
			"faces": {
				"north": {"uv": [1.6875, 10.75, 1.75, 11.0625], "texture": "#0"},
				"east": {"uv": [10.1875, 9.5, 10.5, 9.8125], "texture": "#0"},
				"south": {"uv": [10.75, 2.5625, 10.8125, 2.875], "texture": "#0"},
				"west": {"uv": [10.1875, 9.8125, 10.5, 10.125], "texture": "#0"},
				"up": {"uv": [2.6875, 11.0625, 2.625, 10.75], "texture": "#0"},
				"down": {"uv": [2.75, 10.75, 2.6875, 11.0625], "texture": "#0"}
			}
		},
		{
			"from": [9, 18, 19],
			"to": [15, 20, 20],
			"rotation": {"angle": 0, "axis": "y", "origin": [11, 18, 18]},
			"faces": {
				"north": {"uv": [10.125, 2.375, 10.5, 2.5], "texture": "#0"},
				"east": {"uv": [3.125, 10.8125, 3.1875, 10.9375], "texture": "#0"},
				"south": {"uv": [10.5, 2.375, 10.875, 2.5], "texture": "#0"},
				"west": {"uv": [3.1875, 10.8125, 3.25, 10.9375], "texture": "#0"},
				"up": {"uv": [11, 9.0625, 10.625, 9], "texture": "#0"},
				"down": {"uv": [11, 9.0625, 10.625, 9.125], "texture": "#0"}
			}
		},
		{
			"from": [-7, 26, -7],
			"to": [-6, 31, 21],
			"rotation": {"angle": 0, "axis": "y", "origin": [-7, 22, 1]},
			"faces": {
				"north": {"uv": [2.75, 10.75, 2.8125, 11.0625], "texture": "#0"},
				"east": {"uv": [8.375, 2.1875, 10.125, 2.5], "texture": "#0"},
				"south": {"uv": [2.8125, 10.75, 2.875, 11.0625], "texture": "#0"},
				"west": {"uv": [8.875, 6.5, 10.625, 6.8125], "texture": "#0"},
				"up": {"uv": [7.8125, 10.875, 7.75, 9.125], "texture": "#0"},
				"down": {"uv": [7.875, 9.125, 7.8125, 10.875], "texture": "#0"}
			}
		},
		{
			"from": [22, 26, -7],
			"to": [23, 31, 21],
			"rotation": {"angle": 0, "axis": "y", "origin": [-7, 22, 1]},
			"faces": {
				"north": {"uv": [2.875, 10.75, 2.9375, 11.0625], "texture": "#0"},
				"east": {"uv": [8.875, 6.8125, 10.625, 7.125], "texture": "#0"},
				"south": {"uv": [10.75, 2.875, 10.8125, 3.1875], "texture": "#0"},
				"west": {"uv": [8.875, 7.125, 10.625, 7.4375], "texture": "#0"},
				"up": {"uv": [3.0625, 11.5, 3, 9.75], "texture": "#0"},
				"down": {"uv": [3.125, 9.75, 3.0625, 11.5], "texture": "#0"}
			}
		},
		{
			"from": [-7, 2, -11],
			"to": [-6, 12, 27],
			"rotation": {"angle": 0, "axis": "y", "origin": [-7, 0, 1]},
			"faces": {
				"north": {"uv": [1.75, 10.6875, 1.8125, 11.3125], "texture": "#0"},
				"east": {"uv": [8.25, 3.75, 10.625, 4.375], "texture": "#0"},
				"south": {"uv": [1.8125, 10.6875, 1.875, 11.3125], "texture": "#0"},
				"west": {"uv": [8.375, 0, 10.75, 0.625], "texture": "#0"},
				"up": {"uv": [6.5625, 11.5, 6.5, 9.125], "texture": "#0"},
				"down": {"uv": [6.625, 9.125, 6.5625, 11.5], "texture": "#0"}
			}
		},
		{
			"from": [-6, 4, -11],
			"to": [22, 11, -9],
			"rotation": {"angle": 0, "axis": "y", "origin": [-6, 4, -11]},
			"faces": {
				"north": {"uv": [8.375, 1.75, 10.125, 2.1875], "texture": "#0"},
				"east": {"uv": [2.5, 10.5, 2.625, 10.9375], "texture": "#0"},
				"south": {"uv": [6.125, 8.5625, 7.875, 9], "texture": "#0"},
				"west": {"uv": [6.125, 10.5, 6.25, 10.9375], "texture": "#0"},
				"up": {"uv": [10, 4.875, 8.25, 4.75], "texture": "#0"},
				"down": {"uv": [7.875, 9, 6.125, 9.125], "texture": "#0"}
			}
		},
		{
			"from": [-6, 4, -9],
			"to": [22, 8, -4],
			"rotation": {"angle": 0, "axis": "y", "origin": [-6, 4, -11]},
			"faces": {
				"north": {"uv": [8.875, 8.6875, 10.625, 8.9375], "texture": "#0"},
				"east": {"uv": [1.125, 10.5, 1.4375, 10.75], "texture": "#0"},
				"south": {"uv": [8.875, 8.9375, 10.625, 9.1875], "texture": "#0"},
				"west": {"uv": [1.4375, 10.5, 1.75, 10.75], "texture": "#0"},
				"up": {"uv": [10.625, 7.75, 8.875, 7.4375], "texture": "#0"},
				"down": {"uv": [10.625, 7.75, 8.875, 8.0625], "texture": "#0"}
			}
		},
		{
			"from": [-6, 8, -9],
			"to": [22, 9, -4],
			"rotation": {"angle": 0, "axis": "y", "origin": [-6, 4, -11]},
			"faces": {
				"north": {"uv": [10, 4.75, 11.75, 4.8125], "texture": "#0"},
				"east": {"uv": [3.125, 10.75, 3.4375, 10.8125], "texture": "#0"},
				"south": {"uv": [10, 4.8125, 11.75, 4.875], "texture": "#0"},
				"west": {"uv": [10.75, 3.1875, 11.0625, 3.25], "texture": "#0"},
				"up": {"uv": [10.625, 8.375, 8.875, 8.0625], "texture": "#0"},
				"down": {"uv": [10.625, 8.375, 8.875, 8.6875], "texture": "#0"}
			}
		},
		{
			"from": [5, 8, 12],
			"to": [8, 9, 22],
			"rotation": {"angle": 45, "axis": "x", "origin": [-6, 4, 27]},
			"faces": {
				"north": {"uv": [10.75, 4.0625, 10.9375, 4.125], "texture": "#0"},
				"east": {"uv": [10.625, 2.25, 11.25, 2.3125], "texture": "#0"},
				"south": {"uv": [10.75, 6.875, 10.9375, 6.9375], "texture": "#0"},
				"west": {"uv": [10.625, 2.3125, 11.25, 2.375], "texture": "#0"},
				"up": {"uv": [7.1875, 10.5, 7, 9.875], "texture": "#0"},
				"down": {"uv": [7.375, 9.875, 7.1875, 10.5], "texture": "#0"}
			}
		},
		{
			"from": [3, 17, 19],
			"to": [9, 19, 20],
			"rotation": {"angle": 0, "axis": "y", "origin": [5, 17, 18]},
			"faces": {
				"north": {"uv": [10.625, 1.75, 11, 1.875], "texture": "#0"},
				"east": {"uv": [3.25, 10.8125, 3.3125, 10.9375], "texture": "#0"},
				"south": {"uv": [10.625, 1.875, 11, 2], "texture": "#0"},
				"west": {"uv": [10.8125, 3.25, 10.875, 3.375], "texture": "#0"},
				"up": {"uv": [11, 9.1875, 10.625, 9.125], "texture": "#0"},
				"down": {"uv": [11.0625, 4.125, 10.6875, 4.1875], "texture": "#0"}
			}
		},
		{
			"from": [-3, 18, 19],
			"to": [3, 20, 20],
			"rotation": {"angle": 0, "axis": "y", "origin": [-1, 18, 18]},
			"faces": {
				"north": {"uv": [10.625, 2, 11, 2.125], "texture": "#0"},
				"east": {"uv": [3.3125, 10.8125, 3.375, 10.9375], "texture": "#0"},
				"south": {"uv": [10.625, 2.125, 11, 2.25], "texture": "#0"},
				"west": {"uv": [3.375, 10.8125, 3.4375, 10.9375], "texture": "#0"},
				"up": {"uv": [11.0625, 4.25, 10.6875, 4.1875], "texture": "#0"},
				"down": {"uv": [11.0625, 4.25, 10.6875, 4.3125], "texture": "#0"}
			}
		},
		{
			"from": [-7, 18, -8],
			"to": [-6, 28, -5],
			"rotation": {"angle": 45, "axis": "x", "origin": [-6, 23, -7]},
			"faces": {
				"north": {"uv": [1.875, 10.6875, 1.9375, 11.3125], "texture": "#0"},
				"east": {"uv": [7.375, 9.875, 7.5625, 10.5], "texture": "#0"},
				"south": {"uv": [1.9375, 10.6875, 2, 11.3125], "texture": "#0"},
				"west": {"uv": [7.5625, 9.875, 7.75, 10.5], "texture": "#0"},
				"up": {"uv": [10.8125, 7.125, 10.75, 6.9375], "texture": "#0"},
				"down": {"uv": [10.8125, 7.125, 10.75, 7.3125], "texture": "#0"}
			}
		},
		{
			"from": [-7, 9, -8],
			"to": [-6, 19, -5],
			"rotation": {"angle": -45, "axis": "x", "origin": [-6, 14, -7]},
			"faces": {
				"north": {"uv": [2, 10.6875, 2.0625, 11.3125], "texture": "#0"},
				"east": {"uv": [8.875, 9.875, 9.0625, 10.5], "texture": "#0"},
				"south": {"uv": [2.0625, 10.6875, 2.125, 11.3125], "texture": "#0"},
				"west": {"uv": [9.0625, 9.875, 9.25, 10.5], "texture": "#0"},
				"up": {"uv": [10.8125, 7.5, 10.75, 7.3125], "texture": "#0"},
				"down": {"uv": [10.8125, 8.1875, 10.75, 8.375], "texture": "#0"}
			}
		},
		{
			"from": [-7, 9, 22],
			"to": [-6, 19, 25],
			"rotation": {"angle": 45, "axis": "x", "origin": [-6, 14, 23]},
			"faces": {
				"north": {"uv": [2.125, 10.6875, 2.1875, 11.3125], "texture": "#0"},
				"east": {"uv": [9.25, 9.875, 9.4375, 10.5], "texture": "#0"},
				"south": {"uv": [2.1875, 10.6875, 2.25, 11.3125], "texture": "#0"},
				"west": {"uv": [9.4375, 9.875, 9.625, 10.5], "texture": "#0"},
				"up": {"uv": [10.8125, 8.5625, 10.75, 8.375], "texture": "#0"},
				"down": {"uv": [10.8125, 8.5625, 10.75, 8.75], "texture": "#0"}
			}
		},
		{
			"from": [-7, 17, 22],
			"to": [-6, 27, 25],
			"rotation": {"angle": -45, "axis": "x", "origin": [-6, 22, 23]},
			"faces": {
				"north": {"uv": [2.25, 10.6875, 2.3125, 11.3125], "texture": "#0"},
				"east": {"uv": [9.625, 9.875, 9.8125, 10.5], "texture": "#0"},
				"south": {"uv": [2.3125, 10.6875, 2.375, 11.3125], "texture": "#0"},
				"west": {"uv": [9.8125, 9.875, 10, 10.5], "texture": "#0"},
				"up": {"uv": [10.8125, 8.9375, 10.75, 8.75], "texture": "#0"},
				"down": {"uv": [8.9375, 10.75, 8.875, 10.9375], "texture": "#0"}
			}
		},
		{
			"from": [-7, 19, 22],
			"to": [-6, 29, 25],
			"rotation": {"angle": -45, "axis": "x", "origin": [-6, 24, 23]},
			"faces": {
				"north": {"uv": [2.375, 10.6875, 2.4375, 11.3125], "texture": "#0"},
				"east": {"uv": [10, 9.5, 10.1875, 10.125], "texture": "#0"},
				"south": {"uv": [2.4375, 10.6875, 2.5, 11.3125], "texture": "#0"},
				"west": {"uv": [10.125, 1.75, 10.3125, 2.375], "texture": "#0"},
				"up": {"uv": [9, 10.9375, 8.9375, 10.75], "texture": "#0"},
				"down": {"uv": [9.0625, 10.75, 9, 10.9375], "texture": "#0"}
			}
		},
		{
			"from": [-7, 22, 22],
			"to": [-6, 32, 25],
			"rotation": {"angle": -45, "axis": "x", "origin": [-6, 27, 23]},
			"faces": {
				"north": {"uv": [10.6875, 2.5, 10.75, 3.125], "texture": "#0"},
				"east": {"uv": [2.625, 10.125, 2.8125, 10.75], "texture": "#0"},
				"south": {"uv": [10.6875, 3.125, 10.75, 3.75], "texture": "#0"},
				"west": {"uv": [2.8125, 10.125, 3, 10.75], "texture": "#0"},
				"up": {"uv": [9.125, 10.9375, 9.0625, 10.75], "texture": "#0"},
				"down": {"uv": [9.1875, 10.75, 9.125, 10.9375], "texture": "#0"}
			}
		},
		{
			"from": [-7, 20, -11],
			"to": [-6, 26, -5],
			"rotation": {"angle": 0, "axis": "y", "origin": [-7, 7, 1]},
			"faces": {
				"north": {"uv": [7.0625, 10.6875, 7.125, 11.0625], "texture": "#0"},
				"east": {"uv": [1.5, 9.5, 1.875, 9.875], "texture": "#0"},
				"south": {"uv": [7.125, 10.6875, 7.1875, 11.0625], "texture": "#0"},
				"west": {"uv": [1.875, 9.5, 2.25, 9.875], "texture": "#0"},
				"up": {"uv": [7.25, 11.0625, 7.1875, 10.6875], "texture": "#0"},
				"down": {"uv": [7.3125, 10.6875, 7.25, 11.0625], "texture": "#0"}
			}
		},
		{
			"from": [-7, 20, 21],
			"to": [-6, 26, 27],
			"rotation": {"angle": 0, "axis": "y", "origin": [-7, 7, 1]},
			"faces": {
				"north": {"uv": [10.6875, 7.25, 10.75, 7.625], "texture": "#0"},
				"east": {"uv": [2.25, 9.5, 2.625, 9.875], "texture": "#0"},
				"south": {"uv": [7.3125, 10.6875, 7.375, 11.0625], "texture": "#0"},
				"west": {"uv": [6.625, 9.5, 7, 9.875], "texture": "#0"},
				"up": {"uv": [7.4375, 11.0625, 7.375, 10.6875], "texture": "#0"},
				"down": {"uv": [7.5, 10.6875, 7.4375, 11.0625], "texture": "#0"}
			}
		},
		{
			"from": [-7, 17, 26],
			"to": [-6, 20, 27],
			"rotation": {"angle": 0, "axis": "y", "origin": [-7, 7, -32]},
			"faces": {
				"north": {"uv": [9.1875, 10.75, 9.25, 10.9375], "texture": "#0"},
				"east": {"uv": [9.375, 10.75, 9.4375, 10.9375], "texture": "#0"},
				"south": {"uv": [9.4375, 10.75, 9.5, 10.9375], "texture": "#0"},
				"west": {"uv": [9.5, 10.75, 9.5625, 10.9375], "texture": "#0"},
				"up": {"uv": [2.75, 9.75, 2.6875, 9.6875], "texture": "#0"},
				"down": {"uv": [0.6875, 10.4375, 0.625, 10.5], "texture": "#0"}
			}
		},
		{
			"from": [-7, 17, -11],
			"to": [-6, 20, -9],
			"rotation": {"angle": 0, "axis": "y", "origin": [-7, 7, -32]},
			"faces": {
				"north": {"uv": [9.5625, 10.75, 9.625, 10.9375], "texture": "#0"},
				"east": {"uv": [7.5, 10.6875, 7.625, 10.875], "texture": "#0"},
				"south": {"uv": [9.625, 10.75, 9.6875, 10.9375], "texture": "#0"},
				"west": {"uv": [7.625, 10.6875, 7.75, 10.875], "texture": "#0"},
				"up": {"uv": [10.875, 3.5, 10.8125, 3.375], "texture": "#0"},
				"down": {"uv": [10.875, 3.5, 10.8125, 3.625], "texture": "#0"}
			}
		},
		{
			"from": [-7, 12, -11],
			"to": [-6, 17, -6],
			"rotation": {"angle": 0, "axis": "y", "origin": [-7, 7, -32]},
			"faces": {
				"north": {"uv": [2.9375, 10.75, 3, 11.0625], "texture": "#0"},
				"east": {"uv": [0, 10.25, 0.3125, 10.5625], "texture": "#0"},
				"south": {"uv": [10.75, 3.25, 10.8125, 3.5625], "texture": "#0"},
				"west": {"uv": [0.3125, 10.25, 0.625, 10.5625], "texture": "#0"},
				"up": {"uv": [3.5, 11.0625, 3.4375, 10.75], "texture": "#0"},
				"down": {"uv": [3.5625, 10.75, 3.5, 11.0625], "texture": "#0"}
			}
		},
		{
			"from": [-7, 12, 22],
			"to": [-6, 17, 27],
			"rotation": {"angle": 0, "axis": "y", "origin": [-7, 7, 1]},
			"faces": {
				"north": {"uv": [3.5625, 10.75, 3.625, 11.0625], "texture": "#0"},
				"east": {"uv": [10.3125, 1.75, 10.625, 2.0625], "texture": "#0"},
				"south": {"uv": [10.75, 3.5625, 10.8125, 3.875], "texture": "#0"},
				"west": {"uv": [10.3125, 2.0625, 10.625, 2.375], "texture": "#0"},
				"up": {"uv": [3.6875, 11.0625, 3.625, 10.75], "texture": "#0"},
				"down": {"uv": [3.75, 10.75, 3.6875, 11.0625], "texture": "#0"}
			}
		},
		{
			"from": [23, -3, -14],
			"to": [29, -2, 30],
			"rotation": {"angle": 0, "axis": "y", "origin": [27, 3, -1]},
			"faces": {
				"north": {"uv": [10.6875, 4.3125, 11.0625, 4.375], "texture": "#0"},
				"east": {"uv": [8.25, 4.875, 11, 4.9375], "texture": "#0"},
				"south": {"uv": [10.6875, 7.625, 11.0625, 7.6875], "texture": "#0"},
				"west": {"uv": [8.875, 9.1875, 11.625, 9.25], "texture": "#0"},
				"up": {"uv": [5, 10.1875, 4.625, 7.4375], "texture": "#0"},
				"down": {"uv": [3.5, 8, 3.125, 10.75], "texture": "#0"}
			}
		},
		{
			"from": [23, -3, 29],
			"to": [29, -2, 32],
			"rotation": {"angle": -22.5, "axis": "x", "origin": [26, -3, 30]},
			"faces": {
				"north": {"uv": [10.6875, 7.6875, 11.0625, 7.75], "texture": "#0"},
				"east": {"uv": [10.75, 7.5, 10.9375, 7.5625], "texture": "#0"},
				"south": {"uv": [10.6875, 7.75, 11.0625, 7.8125], "texture": "#0"},
				"west": {"uv": [10.75, 7.5625, 10.9375, 7.625], "texture": "#0"},
				"up": {"uv": [2.125, 10.6875, 1.75, 10.5], "texture": "#0"},
				"down": {"uv": [2.5, 10.5, 2.125, 10.6875], "texture": "#0"}
			}
		},
		{
			"from": [23, 3, -16],
			"to": [29, 4, -13],
			"rotation": {"angle": -22.5, "axis": "x", "origin": [26, 3, -15]},
			"faces": {
				"north": {"uv": [10.6875, 7.8125, 11.0625, 7.875], "texture": "#0"},
				"east": {"uv": [10.25, 10.75, 10.4375, 10.8125], "texture": "#0"},
				"south": {"uv": [10.6875, 7.875, 11.0625, 7.9375], "texture": "#0"},
				"west": {"uv": [10.4375, 10.75, 10.625, 10.8125], "texture": "#0"},
				"up": {"uv": [5, 10.6875, 4.625, 10.5], "texture": "#0"},
				"down": {"uv": [7, 10.5, 6.625, 10.6875], "texture": "#0"}
			}
		},
		{
			"from": [23, 4, 29],
			"to": [29, 5, 32],
			"rotation": {"angle": 22.5, "axis": "x", "origin": [26, 4, 30]},
			"faces": {
				"north": {"uv": [10.6875, 7.9375, 11.0625, 8], "texture": "#0"},
				"east": {"uv": [10.6875, 10.75, 10.875, 10.8125], "texture": "#0"},
				"south": {"uv": [10.6875, 8, 11.0625, 8.0625], "texture": "#0"},
				"west": {"uv": [0, 10.8125, 0.1875, 10.875], "texture": "#0"},
				"up": {"uv": [7.375, 10.6875, 7, 10.5], "texture": "#0"},
				"down": {"uv": [7.75, 10.5, 7.375, 10.6875], "texture": "#0"}
			}
		},
		{
			"from": [23, -2, -16],
			"to": [29, -1, -13],
			"rotation": {"angle": 22.5, "axis": "x", "origin": [26, -2, -15]},
			"faces": {
				"north": {"uv": [10.6875, 8.0625, 11.0625, 8.125], "texture": "#0"},
				"east": {"uv": [0.1875, 10.8125, 0.375, 10.875], "texture": "#0"},
				"south": {"uv": [10.6875, 8.125, 11.0625, 8.1875], "texture": "#0"},
				"west": {"uv": [1.125, 10.8125, 1.3125, 10.875], "texture": "#0"},
				"up": {"uv": [9.25, 10.6875, 8.875, 10.5], "texture": "#0"},
				"down": {"uv": [9.625, 10.5, 9.25, 10.6875], "texture": "#0"}
			}
		},
		{
			"from": [24, -2, -16],
			"to": [28, 4, 32],
			"rotation": {"angle": 0, "axis": "y", "origin": [27, 3, -1]},
			"faces": {
				"north": {"uv": [10.3125, 10.125, 10.5625, 10.5], "texture": "#0"},
				"east": {"uv": [8.25, 4.375, 11.25, 4.75], "texture": "#0"},
				"south": {"uv": [10, 10.4375, 10.25, 10.8125], "texture": "#0"},
				"west": {"uv": [8.375, 0.625, 11.375, 1], "texture": "#0"},
				"up": {"uv": [8.125, 11.5625, 7.875, 8.5625], "texture": "#0"},
				"down": {"uv": [8.375, 8.5625, 8.125, 11.5625], "texture": "#0"}
			}
		},
		{
			"from": [23, -2, 31],
			"to": [29, 4, 32],
			"rotation": {"angle": 0, "axis": "y", "origin": [27, 3, -1]},
			"faces": {
				"north": {"uv": [7, 9.5, 7.375, 9.875], "texture": "#0"},
				"east": {"uv": [10.6875, 8.1875, 10.75, 8.5625], "texture": "#0"},
				"south": {"uv": [7.375, 9.5, 7.75, 9.875], "texture": "#0"},
				"west": {"uv": [10.6875, 8.5625, 10.75, 8.9375], "texture": "#0"},
				"up": {"uv": [9.25, 10.75, 8.875, 10.6875], "texture": "#0"},
				"down": {"uv": [11.0625, 8.9375, 10.6875, 9], "texture": "#0"}
			}
		},
		{
			"from": [23, -2, -16],
			"to": [29, 4, -15],
			"rotation": {"angle": 0, "axis": "y", "origin": [27, 3, -48]},
			"faces": {
				"north": {"uv": [8.875, 9.5, 9.25, 9.875], "texture": "#0"},
				"east": {"uv": [9.25, 10.6875, 9.3125, 11.0625], "texture": "#0"},
				"south": {"uv": [9.25, 9.5, 9.625, 9.875], "texture": "#0"},
				"west": {"uv": [9.3125, 10.6875, 9.375, 11.0625], "texture": "#0"},
				"up": {"uv": [9.75, 10.75, 9.375, 10.6875], "texture": "#0"},
				"down": {"uv": [10.625, 10.6875, 10.25, 10.75], "texture": "#0"}
			}
		},
		{
			"from": [23, 4, -14],
			"to": [29, 5, 30],
			"rotation": {"angle": 0, "axis": "y", "origin": [27, 3, -1]},
			"faces": {
				"north": {"uv": [10.6875, 10.4375, 11.0625, 10.5], "texture": "#0"},
				"east": {"uv": [8.875, 9.25, 11.625, 9.3125], "texture": "#0"},
				"south": {"uv": [10.6875, 10.5, 11.0625, 10.5625], "texture": "#0"},
				"west": {"uv": [8.875, 9.3125, 11.625, 9.375], "texture": "#0"},
				"up": {"uv": [3.875, 10.75, 3.5, 8], "texture": "#0"},
				"down": {"uv": [4.25, 8, 3.875, 10.75], "texture": "#0"}
			}
		},
		{
			"from": [-13, -3, -14],
			"to": [-7, -2, 30],
			"rotation": {"angle": 0, "axis": "y", "origin": [-9, 3, -1]},
			"faces": {
				"north": {"uv": [10.6875, 10.5625, 11.0625, 10.625], "texture": "#0"},
				"east": {"uv": [0, 9.375, 2.75, 9.4375], "texture": "#0"},
				"south": {"uv": [10.6875, 10.625, 11.0625, 10.6875], "texture": "#0"},
				"west": {"uv": [8.875, 9.375, 11.625, 9.4375], "texture": "#0"},
				"up": {"uv": [4.625, 10.75, 4.25, 8], "texture": "#0"},
				"down": {"uv": [5.375, 8.5625, 5, 11.3125], "texture": "#0"}
			}
		},
		{
			"from": [-13, -3, 29],
			"to": [-7, -2, 32],
			"rotation": {"angle": -22.5, "axis": "x", "origin": [-10, -3, 30]},
			"faces": {
				"north": {"uv": [10.6875, 10.6875, 11.0625, 10.75], "texture": "#0"},
				"east": {"uv": [1.3125, 10.8125, 1.5, 10.875], "texture": "#0"},
				"south": {"uv": [0, 10.75, 0.375, 10.8125], "texture": "#0"},
				"west": {"uv": [10.8125, 2.5625, 11, 2.625], "texture": "#0"},
				"up": {"uv": [10.875, 9.6875, 10.5, 9.5], "texture": "#0"},
				"down": {"uv": [10, 10.5, 9.625, 10.6875], "texture": "#0"}
			}
		},
		{
			"from": [-13, 3, -16],
			"to": [-7, 4, -13],
			"rotation": {"angle": -22.5, "axis": "x", "origin": [-10, 3, -15]},
			"faces": {
				"north": {"uv": [10.75, 0, 11.125, 0.0625], "texture": "#0"},
				"east": {"uv": [10.8125, 2.625, 11, 2.6875], "texture": "#0"},
				"south": {"uv": [10.75, 0.0625, 11.125, 0.125], "texture": "#0"},
				"west": {"uv": [10.8125, 2.6875, 11, 2.75], "texture": "#0"},
				"up": {"uv": [10.875, 9.875, 10.5, 9.6875], "texture": "#0"},
				"down": {"uv": [10.875, 9.875, 10.5, 10.0625], "texture": "#0"}
			}
		},
		{
			"from": [-13, 4, 29],
			"to": [-7, 5, 32],
			"rotation": {"angle": 22.5, "axis": "x", "origin": [-10, 4, 30]},
			"faces": {
				"north": {"uv": [10.75, 0.125, 11.125, 0.1875], "texture": "#0"},
				"east": {"uv": [10.8125, 2.75, 11, 2.8125], "texture": "#0"},
				"south": {"uv": [10.75, 0.1875, 11.125, 0.25], "texture": "#0"},
				"west": {"uv": [10.8125, 2.8125, 11, 2.875], "texture": "#0"},
				"up": {"uv": [10.625, 10.6875, 10.25, 10.5], "texture": "#0"},
				"down": {"uv": [0.375, 10.5625, 0, 10.75], "texture": "#0"}
			}
		},
		{
			"from": [-13, -2, -16],
			"to": [-7, -1, -13],
			"rotation": {"angle": 22.5, "axis": "x", "origin": [-10, -2, -15]},
			"faces": {
				"north": {"uv": [10.75, 0.25, 11.125, 0.3125], "texture": "#0"},
				"east": {"uv": [10.8125, 2.875, 11, 2.9375], "texture": "#0"},
				"south": {"uv": [10.75, 0.3125, 11.125, 0.375], "texture": "#0"},
				"west": {"uv": [10.8125, 2.9375, 11, 3], "texture": "#0"},
				"up": {"uv": [10.9375, 10.25, 10.5625, 10.0625], "texture": "#0"},
				"down": {"uv": [10.9375, 10.25, 10.5625, 10.4375], "texture": "#0"}
			}
		},
		{
			"from": [-12, -2, -16],
			"to": [-8, 4, 32],
			"rotation": {"angle": 0, "axis": "y", "origin": [-9, 3, -1]},
			"faces": {
				"north": {"uv": [0.625, 10.5, 0.875, 10.875], "texture": "#0"},
				"east": {"uv": [8.375, 1, 11.375, 1.375], "texture": "#0"},
				"south": {"uv": [0.875, 10.5, 1.125, 10.875], "texture": "#0"},
				"west": {"uv": [8.375, 1.375, 11.375, 1.75], "texture": "#0"},
				"up": {"uv": [8.625, 11.5625, 8.375, 8.5625], "texture": "#0"},
				"down": {"uv": [8.875, 8.5625, 8.625, 11.5625], "texture": "#0"}
			}
		},
		{
			"from": [-13, -2, 31],
			"to": [-7, 4, 32],
			"rotation": {"angle": 0, "axis": "y", "origin": [-9, 3, -1]},
			"faces": {
				"north": {"uv": [9.625, 9.5, 10, 9.875], "texture": "#0"},
				"east": {"uv": [9.75, 10.6875, 9.8125, 11.0625], "texture": "#0"},
				"south": {"uv": [2.625, 9.75, 3, 10.125], "texture": "#0"},
				"west": {"uv": [9.8125, 10.6875, 9.875, 11.0625], "texture": "#0"},
				"up": {"uv": [11.125, 0.4375, 10.75, 0.375], "texture": "#0"},
				"down": {"uv": [11.125, 0.4375, 10.75, 0.5], "texture": "#0"}
			}
		},
		{
			"from": [-13, -2, -16],
			"to": [-7, 4, -15],
			"rotation": {"angle": 0, "axis": "y", "origin": [-9, 3, -48]},
			"faces": {
				"north": {"uv": [0, 9.875, 0.375, 10.25], "texture": "#0"},
				"east": {"uv": [9.875, 10.6875, 9.9375, 11.0625], "texture": "#0"},
				"south": {"uv": [0.375, 9.875, 0.75, 10.25], "texture": "#0"},
				"west": {"uv": [9.9375, 10.6875, 10, 11.0625], "texture": "#0"},
				"up": {"uv": [11.125, 0.5625, 10.75, 0.5], "texture": "#0"},
				"down": {"uv": [11.125, 0.5625, 10.75, 0.625], "texture": "#0"}
			}
		},
		{
			"from": [-13, 4, -14],
			"to": [-7, 5, 30],
			"rotation": {"angle": 0, "axis": "y", "origin": [-9, 3, -1]},
			"faces": {
				"north": {"uv": [1.125, 10.75, 1.5, 10.8125], "texture": "#0"},
				"east": {"uv": [0, 9.4375, 2.75, 9.5], "texture": "#0"},
				"south": {"uv": [10.75, 2.5, 11.125, 2.5625], "texture": "#0"},
				"west": {"uv": [8.875, 9.4375, 11.625, 9.5], "texture": "#0"},
				"up": {"uv": [5.75, 11.3125, 5.375, 8.5625], "texture": "#0"},
				"down": {"uv": [6.125, 8.5625, 5.75, 11.3125], "texture": "#0"}
			}
		}
	],
	"display": {
		"thirdperson_righthand": {
			"rotation": [90, 0, 0],
			"translation": [-5.75, 0, -1]
		}
	},
	"groups": [
		{
			"name": "group",
			"origin": [8, -2, -31],
			"color": 0,
			"children": [0, 1, 2, 3, 4, 5, 6, 7, 8]
		},
		{
			"name": "group",
			"origin": [23, 23, -6],
			"color": 0,
			"children": [9, 10, 11, 12, 13, 14, 15, 16, 17, 18, 19, 20, 21, 22]
		},
		{
			"name": "group",
			"origin": [-1, 18, 19],
			"color": 0,
			"children": [23, 24, 25, 26, 27, 28, 29, 30, 31, 32]
		},
		{
			"name": "group",
			"origin": [23, 23, -6],
			"color": 0,
			"children": [33, 34, 35, 36, 37, 38, 39, 40, 41, 42, 43, 44]
		},
		{
			"name": "group",
			"origin": [-9, 3, -1],
			"color": 0,
			"children": [45, 46, 47, 48, 49, 50, 51, 52, 53]
		},
		{
			"name": "group",
			"origin": [-9, 3, -1],
			"color": 0,
			"children": [54, 55, 56, 57, 58, 59, 60, 61, 62]
		}
	]
}