{
	"credit": "Made with Blockbench",
	"texture_size": [128, 128],
	"textures": {
		"0": "smithresource/drilltext",
		"particle": "smithresource/drilltext"
	},
	"elements": [
		{
			"from": [-3, 3, 15],
			"to": [19, 25, 22],
			"rotation": {"angle": 0, "axis": "y", "origin": [8, 3, 20]},
			"faces": {
				"north": {"uv": [0, 0, 2.75, 2.75], "texture": "#0"},
				"east": {"uv": [5, 0, 5.875, 2.75], "texture": "#0"},
				"south": {"uv": [0, 2.75, 2.75, 5.5], "texture": "#0"},
				"west": {"uv": [0, 5.5, 0.875, 8.25], "texture": "#0"},
				"up": {"uv": [7.75, 3.625, 5, 2.75], "texture": "#0"},
				"down": {"uv": [7.75, 3.625, 5, 4.5], "texture": "#0"}
			}
		},
		{
			"from": [-1, 5, 8],
			"to": [17, 23, 15],
			"rotation": {"angle": 0, "axis": "y", "origin": [8, 3, 20]},
			"faces": {
				"north": {"uv": [2.75, 0, 5, 2.25], "texture": "#0"},
				"east": {"uv": [0.875, 5.5, 1.75, 7.75], "texture": "#0"},
				"south": {"uv": [2.75, 2.25, 5, 4.5], "texture": "#0"},
				"west": {"uv": [1.75, 5.5, 2.625, 7.75], "texture": "#0"},
				"up": {"uv": [8.125, 0.875, 5.875, 0], "texture": "#0"},
				"down": {"uv": [8.125, 0.875, 5.875, 1.75], "texture": "#0"}
			}
		},
		{
			"from": [1, 7, 1],
			"to": [15, 21, 8],
			"rotation": {"angle": 0, "axis": "y", "origin": [8, 3, 13]},
			"faces": {
				"north": {"uv": [2.75, 4.5, 4.5, 6.25], "texture": "#0"},
				"east": {"uv": [6.25, 4.5, 7.125, 6.25], "texture": "#0"},
				"south": {"uv": [4.5, 4.5, 6.25, 6.25], "texture": "#0"},
				"west": {"uv": [5.125, 6.25, 6, 8], "texture": "#0"},
				"up": {"uv": [7.625, 2.625, 5.875, 1.75], "texture": "#0"},
				"down": {"uv": [7.75, 6.25, 6, 7.125], "texture": "#0"}
			}
		},
		{
			"from": [3, 9, -6],
			"to": [13, 19, 1],
			"rotation": {"angle": 0, "axis": "y", "origin": [8, 3, 6]},
			"faces": {
				"north": {"uv": [2.625, 6.25, 3.875, 7.5], "texture": "#0"},
				"east": {"uv": [7.125, 4.5, 8, 5.75], "texture": "#0"},
				"south": {"uv": [3.875, 6.25, 5.125, 7.5], "texture": "#0"},
				"west": {"uv": [6, 7.125, 6.875, 8.375], "texture": "#0"},
				"up": {"uv": [8.125, 8, 6.875, 7.125], "texture": "#0"},
				"down": {"uv": [3.875, 7.5, 2.625, 8.375], "texture": "#0"}
			}
		},
		{
			"from": [5, 11, -10],
			"to": [11, 17, -6],
			"rotation": {"angle": 0, "axis": "y", "origin": [8, 3, -1]},
			"faces": {
				"north": {"uv": [3.875, 7.5, 4.625, 8.25], "texture": "#0"},
				"east": {"uv": [4.625, 7.5, 5.125, 8.25], "texture": "#0"},
				"south": {"uv": [7.625, 1.75, 8.375, 2.5], "texture": "#0"},
				"west": {"uv": [0.875, 7.75, 1.375, 8.5], "texture": "#0"},
				"up": {"uv": [7.875, 6.25, 7.125, 5.75], "texture": "#0"},
				"down": {"uv": [2.125, 7.75, 1.375, 8.25], "texture": "#0"}
			}
		},
		{
			"from": [6, 12, -14],
			"to": [10, 16, -10],
			"rotation": {"angle": 0, "axis": "y", "origin": [8, 3, -5]},
			"faces": {
				"north": {"uv": [2.125, 7.75, 2.625, 8.25], "texture": "#0"},
				"east": {"uv": [7.75, 2.5, 8.25, 3], "texture": "#0"},
				"south": {"uv": [7.75, 3, 8.25, 3.5], "texture": "#0"},
				"west": {"uv": [7.75, 3.5, 8.25, 4], "texture": "#0"},
				"up": {"uv": [8.25, 4.5, 7.75, 4], "texture": "#0"},
				"down": {"uv": [8.25, 6.25, 7.75, 6.75], "texture": "#0"}
			}
		},
		{
			"from": [7, 13, -16],
			"to": [9, 15, -14],
			"rotation": {"angle": 0, "axis": "y", "origin": [8, 3, -5]},
			"faces": {
				"north": {"uv": [7.75, 6.75, 8, 7], "texture": "#0"},
				"east": {"uv": [7.875, 5.75, 8.125, 6], "texture": "#0"},
				"south": {"uv": [7.875, 6, 8.125, 6.25], "texture": "#0"},
				"west": {"uv": [8, 4.5, 8.25, 4.75], "texture": "#0"},
				"up": {"uv": [8.25, 5, 8, 4.75], "texture": "#0"},
				"down": {"uv": [8.25, 5, 8, 5.25], "texture": "#0"}
			}
		}
	],
	"display": {
		"thirdperson_righthand": {
			"rotation": [90, 0, 0],
			"translation": [-5.75, 0, 0]
		}
	}
}