{
	"credit": "Made with Blockbench",
	"texture_size": [128, 128],
	"textures": {
		"0": "smithresource/smithforge",
		"particle": "smithresource/smithforge"
	},
	"elements": [
		{
			"from": [10, 9, 17],
			"to": [12, 11, 19],
			"rotation": {"angle": 0, "axis": "y", "origin": [8, 0, 8]},
			"faces": {
				"north": {"uv": [9.75, 7.375, 10, 7.625], "texture": "#0"},
				"east": {"uv": [9.5, 7.375, 9.75, 7.625], "texture": "#0"},
				"south": {"uv": [10.25, 7.375, 10.5, 7.625], "texture": "#0"},
				"west": {"uv": [10, 7.375, 10.25, 7.625], "texture": "#0"},
				"up": {"uv": [10, 7.375, 9.75, 7.125], "texture": "#0"},
				"down": {"uv": [10.25, 7.125, 10, 7.375], "texture": "#0"}
			}
		},
		{
			"from": [10, 10, 18],
			"to": [12, 12, 21],
			"rotation": {"angle": 0, "axis": "y", "origin": [8, 0, 8]},
			"faces": {
				"north": {"uv": [7.875, 8.375, 8.125, 8.625], "texture": "#0"},
				"east": {"uv": [7.5, 8.375, 7.875, 8.625], "texture": "#0"},
				"south": {"uv": [8.5, 8.375, 8.75, 8.625], "texture": "#0"},
				"west": {"uv": [8.125, 8.375, 8.5, 8.625], "texture": "#0"},
				"up": {"uv": [8.125, 8.375, 7.875, 8], "texture": "#0"},
				"down": {"uv": [8.375, 8, 8.125, 8.375], "texture": "#0"}
			}
		},
		{
			"from": [10, 11, 21],
			"to": [12, 12, 24],
			"rotation": {"angle": 0, "axis": "y", "origin": [8, 0, 8]},
			"faces": {
				"north": {"uv": [5.625, 9.125, 5.875, 9.25], "texture": "#0"},
				"east": {"uv": [5.25, 9.125, 5.625, 9.25], "texture": "#0"},
				"south": {"uv": [6.25, 9.125, 6.5, 9.25], "texture": "#0"},
				"west": {"uv": [5.875, 9.125, 6.25, 9.25], "texture": "#0"},
				"up": {"uv": [5.875, 9.125, 5.625, 8.75], "texture": "#0"},
				"down": {"uv": [6.125, 8.75, 5.875, 9.125], "texture": "#0"}
			}
		},
		{
			"from": [10, 6, 15],
			"to": [12, 9, 17],
			"rotation": {"angle": 0, "axis": "y", "origin": [8, 0, 8]},
			"faces": {
				"north": {"uv": [3.25, 9.625, 3.5, 10], "texture": "#0"},
				"east": {"uv": [3, 9.625, 3.25, 10], "texture": "#0"},
				"south": {"uv": [3.75, 9.625, 4, 10], "texture": "#0"},
				"west": {"uv": [3.5, 9.625, 3.75, 10], "texture": "#0"},
				"up": {"uv": [3.5, 9.625, 3.25, 9.375], "texture": "#0"},
				"down": {"uv": [3.75, 9.375, 3.5, 9.625], "texture": "#0"}
			}
		},
		{
			"from": [10, 8, 16],
			"to": [12, 10, 18],
			"rotation": {"angle": 0, "axis": "y", "origin": [8, 0, 8]},
			"faces": {
				"north": {"uv": [7.5, 9.75, 7.75, 10], "texture": "#0"},
				"east": {"uv": [7.25, 9.75, 7.5, 10], "texture": "#0"},
				"south": {"uv": [8, 9.75, 8.25, 10], "texture": "#0"},
				"west": {"uv": [7.75, 9.75, 8, 10], "texture": "#0"},
				"up": {"uv": [7.75, 9.75, 7.5, 9.5], "texture": "#0"},
				"down": {"uv": [8, 9.5, 7.75, 9.75], "texture": "#0"}
			}
		},
		{
			"from": [10, 5, 14],
			"to": [12, 8, 16],
			"rotation": {"angle": 0, "axis": "y", "origin": [8, 0, 8]},
			"faces": {
				"north": {"uv": [4.25, 9.625, 4.5, 10], "texture": "#0"},
				"east": {"uv": [4, 9.625, 4.25, 10], "texture": "#0"},
				"south": {"uv": [4.75, 9.625, 5, 10], "texture": "#0"},
				"west": {"uv": [4.5, 9.625, 4.75, 10], "texture": "#0"},
				"up": {"uv": [4.5, 9.625, 4.25, 9.375], "texture": "#0"},
				"down": {"uv": [4.75, 9.375, 4.5, 9.625], "texture": "#0"}
			}
		},
		{
			"from": [10, 3, 14],
			"to": [12, 5, 15],
			"rotation": {"angle": 0, "axis": "y", "origin": [8, 0, 8]},
			"faces": {
				"north": {"uv": [10.125, 3.25, 10.375, 3.5], "texture": "#0"},
				"east": {"uv": [10, 3.25, 10.125, 3.5], "texture": "#0"},
				"south": {"uv": [10.5, 3.25, 10.75, 3.5], "texture": "#0"},
				"west": {"uv": [10.375, 3.25, 10.5, 3.5], "texture": "#0"},
				"up": {"uv": [10.375, 3.25, 10.125, 3.125], "texture": "#0"},
				"down": {"uv": [10.625, 3.125, 10.375, 3.25], "texture": "#0"}
			}
		},
		{
			"from": [4, 9, 17],
			"to": [6, 11, 19],
			"rotation": {"angle": 0, "axis": "y", "origin": [2, 0, 8]},
			"faces": {
				"north": {"uv": [8.5, 9.75, 8.75, 10], "texture": "#0"},
				"east": {"uv": [8.25, 9.75, 8.5, 10], "texture": "#0"},
				"south": {"uv": [9, 9.75, 9.25, 10], "texture": "#0"},
				"west": {"uv": [8.75, 9.75, 9, 10], "texture": "#0"},
				"up": {"uv": [8.75, 9.75, 8.5, 9.5], "texture": "#0"},
				"down": {"uv": [9, 9.5, 8.75, 9.75], "texture": "#0"}
			}
		},
		{
			"from": [4, 10, 18],
			"to": [6, 12, 21],
			"rotation": {"angle": 0, "axis": "y", "origin": [2, 0, 8]},
			"faces": {
				"north": {"uv": [0.375, 8.875, 0.625, 9.125], "texture": "#0"},
				"east": {"uv": [0, 8.875, 0.375, 9.125], "texture": "#0"},
				"south": {"uv": [1, 8.875, 1.25, 9.125], "texture": "#0"},
				"west": {"uv": [0.625, 8.875, 1, 9.125], "texture": "#0"},
				"up": {"uv": [0.625, 8.875, 0.375, 8.5], "texture": "#0"},
				"down": {"uv": [0.875, 8.5, 0.625, 8.875], "texture": "#0"}
			}
		},
		{
			"from": [4, 11, 21],
			"to": [6, 12, 24],
			"rotation": {"angle": 0, "axis": "y", "origin": [2, 0, 8]},
			"faces": {
				"north": {"uv": [9.125, 8.25, 9.375, 8.375], "texture": "#0"},
				"east": {"uv": [8.75, 8.25, 9.125, 8.375], "texture": "#0"},
				"south": {"uv": [9.75, 8.25, 10, 8.375], "texture": "#0"},
				"west": {"uv": [9.375, 8.25, 9.75, 8.375], "texture": "#0"},
				"up": {"uv": [9.375, 8.25, 9.125, 7.875], "texture": "#0"},
				"down": {"uv": [9.625, 7.875, 9.375, 8.25], "texture": "#0"}
			}
		},
		{
			"from": [4, 6, 15],
			"to": [6, 9, 17],
			"rotation": {"angle": 0, "axis": "y", "origin": [2, 0, 8]},
			"faces": {
				"north": {"uv": [9.75, 4.75, 10, 5.125], "texture": "#0"},
				"east": {"uv": [9.5, 4.75, 9.75, 5.125], "texture": "#0"},
				"south": {"uv": [10.25, 4.75, 10.5, 5.125], "texture": "#0"},
				"west": {"uv": [10, 4.75, 10.25, 5.125], "texture": "#0"},
				"up": {"uv": [10, 4.75, 9.75, 4.5], "texture": "#0"},
				"down": {"uv": [10.25, 4.5, 10, 4.75], "texture": "#0"}
			}
		},
		{
			"from": [4, 8, 16],
			"to": [6, 10, 18],
			"rotation": {"angle": 0, "axis": "y", "origin": [2, 0, 8]},
			"faces": {
				"north": {"uv": [9.75, 8.625, 10, 8.875], "texture": "#0"},
				"east": {"uv": [9.5, 8.625, 9.75, 8.875], "texture": "#0"},
				"south": {"uv": [10.25, 8.625, 10.5, 8.875], "texture": "#0"},
				"west": {"uv": [10, 8.625, 10.25, 8.875], "texture": "#0"},
				"up": {"uv": [10, 8.625, 9.75, 8.375], "texture": "#0"},
				"down": {"uv": [10.25, 8.375, 10, 8.625], "texture": "#0"}
			}
		},
		{
			"from": [4, 5, 14],
			"to": [6, 8, 16],
			"rotation": {"angle": 0, "axis": "y", "origin": [2, 0, 8]},
			"faces": {
				"north": {"uv": [6.5, 9.75, 6.75, 10.125], "texture": "#0"},
				"east": {"uv": [6.25, 9.75, 6.5, 10.125], "texture": "#0"},
				"south": {"uv": [7, 9.75, 7.25, 10.125], "texture": "#0"},
				"west": {"uv": [6.75, 9.75, 7, 10.125], "texture": "#0"},
				"up": {"uv": [6.75, 9.75, 6.5, 9.5], "texture": "#0"},
				"down": {"uv": [7, 9.5, 6.75, 9.75], "texture": "#0"}
			}
		},
		{
			"from": [4, 3, 14],
			"to": [6, 5, 15],
			"rotation": {"angle": 0, "axis": "y", "origin": [2, 0, 8]},
			"faces": {
				"north": {"uv": [4.125, 10.125, 4.375, 10.375], "texture": "#0"},
				"east": {"uv": [4, 10.125, 4.125, 10.375], "texture": "#0"},
				"south": {"uv": [4.5, 10.125, 4.75, 10.375], "texture": "#0"},
				"west": {"uv": [4.375, 10.125, 4.5, 10.375], "texture": "#0"},
				"up": {"uv": [4.375, 10.125, 4.125, 10], "texture": "#0"},
				"down": {"uv": [4.625, 10, 4.375, 10.125], "texture": "#0"}
			}
		},
		{
			"from": [1, 0, 1],
			"to": [15, 2, 15],
			"rotation": {"angle": 0, "axis": "y", "origin": [8, 0, 8]},
			"faces": {
				"north": {"uv": [1.75, 5.25, 3.5, 5.5], "texture": "#0"},
				"east": {"uv": [0, 5.25, 1.75, 5.5], "texture": "#0"},
				"south": {"uv": [5.25, 5.25, 7, 5.5], "texture": "#0"},
				"west": {"uv": [3.5, 5.25, 5.25, 5.5], "texture": "#0"},
				"up": {"uv": [3.5, 5.25, 1.75, 3.5], "texture": "#0"},
				"down": {"uv": [5.25, 3.5, 3.5, 5.25], "texture": "#0"}
			}
		},
		{
			"from": [2, 2, 2],
			"to": [14, 14, 14],
			"rotation": {"angle": 0, "axis": "y", "origin": [8, 0, 8]},
			"faces": {
				"north": {"uv": [1.5, 7, 3, 8.5], "texture": "#0"},
				"east": {"uv": [0, 7, 1.5, 8.5], "texture": "#0"},
				"south": {"uv": [4.5, 7, 6, 8.5], "texture": "#0"},
				"west": {"uv": [3, 7, 4.5, 8.5], "texture": "#0"},
				"up": {"uv": [3, 7, 1.5, 5.5], "texture": "#0"},
				"down": {"uv": [4.5, 5.5, 3, 7], "texture": "#0"}
			}
		},
		{
			"from": [1, 12, -1],
			"to": [15, 14, 25],
			"rotation": {"angle": 0, "axis": "y", "origin": [8, 0, 8]},
			"faces": {
				"north": {"uv": [3.25, 3.25, 5, 3.5], "texture": "#0"},
				"east": {"uv": [0, 3.25, 3.25, 3.5], "texture": "#0"},
				"south": {"uv": [8.25, 3.25, 10, 3.5], "texture": "#0"},
				"west": {"uv": [5, 3.25, 8.25, 3.5], "texture": "#0"},
				"up": {"uv": [5, 3.25, 3.25, 0], "texture": "#0"},
				"down": {"uv": [6.75, 0, 5, 3.25], "texture": "#0"}
			}
		},
		{
			"from": [2, 14, 2],
			"to": [14, 15, 14],
			"rotation": {"angle": 0, "axis": "y", "origin": [8, 0, 8]},
			"faces": {
				"north": {"uv": [7.5, 7, 9, 7.125], "texture": "#0"},
				"east": {"uv": [6, 7, 7.5, 7.125], "texture": "#0"},
				"south": {"uv": [10.5, 7, 12, 7.125], "texture": "#0"},
				"west": {"uv": [9, 7, 10.5, 7.125], "texture": "#0"},
				"up": {"uv": [9, 7, 7.5, 5.5], "texture": "#0"},
				"down": {"uv": [10.5, 5.5, 9, 7], "texture": "#0"}
			}
		},
		{
			"from": [14, 11, -2],
			"to": [16, 16, 0],
			"rotation": {"angle": 0, "axis": "y", "origin": [8, 0, 8]},
			"faces": {
				"north": {"uv": [1.5, 8.75, 1.75, 9.375], "texture": "#0"},
				"east": {"uv": [1.25, 8.75, 1.5, 9.375], "texture": "#0"},
				"south": {"uv": [2, 8.75, 2.25, 9.375], "texture": "#0"},
				"west": {"uv": [1.75, 8.75, 2, 9.375], "texture": "#0"},
				"up": {"uv": [1.75, 8.75, 1.5, 8.5], "texture": "#0"},
				"down": {"uv": [2, 8.5, 1.75, 8.75], "texture": "#0"}
			}
		},
		{
			"from": [15, 15, -3],
			"to": [17, 19, -1],
			"rotation": {"angle": 0, "axis": "y", "origin": [8, 0, 8]},
			"faces": {
				"north": {"uv": [6.75, 9, 7, 9.5], "texture": "#0"},
				"east": {"uv": [6.5, 9, 6.75, 9.5], "texture": "#0"},
				"south": {"uv": [7.25, 9, 7.5, 9.5], "texture": "#0"},
				"west": {"uv": [7, 9, 7.25, 9.5], "texture": "#0"},
				"up": {"uv": [7, 9, 6.75, 8.75], "texture": "#0"},
				"down": {"uv": [7.25, 8.75, 7, 9], "texture": "#0"}
			}
		},
		{
			"from": [14, 19, -2],
			"to": [16, 23, 0],
			"rotation": {"angle": 0, "axis": "y", "origin": [8, 0, 8]},
			"faces": {
				"north": {"uv": [0.25, 9.375, 0.5, 9.875], "texture": "#0"},
				"east": {"uv": [0, 9.375, 0.25, 9.875], "texture": "#0"},
				"south": {"uv": [0.75, 9.375, 1, 9.875], "texture": "#0"},
				"west": {"uv": [0.5, 9.375, 0.75, 9.875], "texture": "#0"},
				"up": {"uv": [0.5, 9.375, 0.25, 9.125], "texture": "#0"},
				"down": {"uv": [0.75, 9.125, 0.5, 9.375], "texture": "#0"}
			}
		},
		{
			"from": [13, 22, -1],
			"to": [15, 24, 1],
			"rotation": {"angle": 0, "axis": "y", "origin": [8, 0, 8]},
			"faces": {
				"north": {"uv": [9.75, 9.125, 10, 9.375], "texture": "#0"},
				"east": {"uv": [9.5, 9.125, 9.75, 9.375], "texture": "#0"},
				"south": {"uv": [10.25, 9.125, 10.5, 9.375], "texture": "#0"},
				"west": {"uv": [10, 9.125, 10.25, 9.375], "texture": "#0"},
				"up": {"uv": [10, 9.125, 9.75, 8.875], "texture": "#0"},
				"down": {"uv": [10.25, 8.875, 10, 9.125], "texture": "#0"}
			}
		},
		{
			"from": [12, 23, 0],
			"to": [14, 25, 2],
			"rotation": {"angle": 0, "axis": "y", "origin": [8, 0, 8]},
			"faces": {
				"north": {"uv": [9.5, 9.75, 9.75, 10], "texture": "#0"},
				"east": {"uv": [9.25, 9.75, 9.5, 10], "texture": "#0"},
				"south": {"uv": [10, 9.75, 10.25, 10], "texture": "#0"},
				"west": {"uv": [9.75, 9.75, 10, 10], "texture": "#0"},
				"up": {"uv": [9.75, 9.75, 9.5, 9.5], "texture": "#0"},
				"down": {"uv": [10, 9.5, 9.75, 9.75], "texture": "#0"}
			}
		},
		{
			"from": [11, 25, 1],
			"to": [13, 26, 3],
			"rotation": {"angle": 0, "axis": "y", "origin": [8, 0, 8]},
			"faces": {
				"north": {"uv": [9.75, 5.375, 10, 5.5], "texture": "#0"},
				"east": {"uv": [9.5, 5.375, 9.75, 5.5], "texture": "#0"},
				"south": {"uv": [10.25, 5.375, 10.5, 5.5], "texture": "#0"},
				"west": {"uv": [10, 5.375, 10.25, 5.5], "texture": "#0"},
				"up": {"uv": [10, 5.375, 9.75, 5.125], "texture": "#0"},
				"down": {"uv": [10.25, 5.125, 10, 5.375], "texture": "#0"}
			}
		},
		{
			"from": [10, 26, 3],
			"to": [11, 27, 4],
			"rotation": {"angle": 0, "axis": "y", "origin": [8, 0, 8]},
			"faces": {
				"north": {"uv": [8.875, 8.5, 9, 8.625], "texture": "#0"},
				"east": {"uv": [8.75, 8.5, 8.875, 8.625], "texture": "#0"},
				"south": {"uv": [9.125, 8.5, 9.25, 8.625], "texture": "#0"},
				"west": {"uv": [9, 8.5, 9.125, 8.625], "texture": "#0"},
				"up": {"uv": [9, 8.5, 8.875, 8.375], "texture": "#0"},
				"down": {"uv": [9.125, 8.375, 9, 8.5], "texture": "#0"}
			}
		},
		{
			"from": [11, 24, 2],
			"to": [12, 25, 3],
			"rotation": {"angle": 0, "axis": "y", "origin": [8, 0, 8]},
			"faces": {
				"north": {"uv": [5.375, 10.125, 5.5, 10.25], "texture": "#0"},
				"east": {"uv": [5.25, 10.125, 5.375, 10.25], "texture": "#0"},
				"south": {"uv": [5.625, 10.125, 5.75, 10.25], "texture": "#0"},
				"west": {"uv": [5.5, 10.125, 5.625, 10.25], "texture": "#0"},
				"up": {"uv": [5.5, 10.125, 5.375, 10], "texture": "#0"},
				"down": {"uv": [5.625, 10, 5.5, 10.125], "texture": "#0"}
			}
		},
		{
			"from": [0, 11, -2],
			"to": [2, 16, 0],
			"rotation": {"angle": 0, "axis": "y", "origin": [8, 0, 8]},
			"faces": {
				"north": {"uv": [2.5, 8.75, 2.75, 9.375], "texture": "#0"},
				"east": {"uv": [2.25, 8.75, 2.5, 9.375], "texture": "#0"},
				"south": {"uv": [3, 8.75, 3.25, 9.375], "texture": "#0"},
				"west": {"uv": [2.75, 8.75, 3, 9.375], "texture": "#0"},
				"up": {"uv": [2.75, 8.75, 2.5, 8.5], "texture": "#0"},
				"down": {"uv": [3, 8.5, 2.75, 8.75], "texture": "#0"}
			}
		},
		{
			"from": [-1, 15, -3],
			"to": [1, 19, -1],
			"rotation": {"angle": 0, "axis": "y", "origin": [8, 0, 8]},
			"faces": {
				"north": {"uv": [5.5, 9.5, 5.75, 10], "texture": "#0"},
				"east": {"uv": [5.25, 9.5, 5.5, 10], "texture": "#0"},
				"south": {"uv": [6, 9.5, 6.25, 10], "texture": "#0"},
				"west": {"uv": [5.75, 9.5, 6, 10], "texture": "#0"},
				"up": {"uv": [5.75, 9.5, 5.5, 9.25], "texture": "#0"},
				"down": {"uv": [6, 9.25, 5.75, 9.5], "texture": "#0"}
			}
		},
		{
			"from": [0, 19, -2],
			"to": [2, 23, 0],
			"rotation": {"angle": 0, "axis": "y", "origin": [8, 0, 8]},
			"faces": {
				"north": {"uv": [1.25, 9.625, 1.5, 10.125], "texture": "#0"},
				"east": {"uv": [1, 9.625, 1.25, 10.125], "texture": "#0"},
				"south": {"uv": [1.75, 9.625, 2, 10.125], "texture": "#0"},
				"west": {"uv": [1.5, 9.625, 1.75, 10.125], "texture": "#0"},
				"up": {"uv": [1.5, 9.625, 1.25, 9.375], "texture": "#0"},
				"down": {"uv": [1.75, 9.375, 1.5, 9.625], "texture": "#0"}
			}
		},
		{
			"from": [1, 22, -1],
			"to": [3, 24, 1],
			"rotation": {"angle": 0, "axis": "y", "origin": [8, 0, 8]},
			"faces": {
				"north": {"uv": [0.25, 10.125, 0.5, 10.375], "texture": "#0"},
				"east": {"uv": [0, 10.125, 0.25, 10.375], "texture": "#0"},
				"south": {"uv": [0.75, 10.125, 1, 10.375], "texture": "#0"},
				"west": {"uv": [0.5, 10.125, 0.75, 10.375], "texture": "#0"},
				"up": {"uv": [0.5, 10.125, 0.25, 9.875], "texture": "#0"},
				"down": {"uv": [0.75, 9.875, 0.5, 10.125], "texture": "#0"}
			}
		},
		{
			"from": [2, 23, 0],
			"to": [4, 25, 2],
			"rotation": {"angle": 0, "axis": "y", "origin": [8, 0, 8]},
			"faces": {
				"north": {"uv": [10.25, 0.25, 10.5, 0.5], "texture": "#0"},
				"east": {"uv": [10, 0.25, 10.25, 0.5], "texture": "#0"},
				"south": {"uv": [10.75, 0.25, 11, 0.5], "texture": "#0"},
				"west": {"uv": [10.5, 0.25, 10.75, 0.5], "texture": "#0"},
				"up": {"uv": [10.5, 0.25, 10.25, 0], "texture": "#0"},
				"down": {"uv": [10.75, 0, 10.5, 0.25], "texture": "#0"}
			}
		},
		{
			"from": [3, 25, 1],
			"to": [5, 26, 3],
			"rotation": {"angle": 0, "axis": "y", "origin": [8, 0, 8]},
			"faces": {
				"north": {"uv": [10.25, 2.25, 10.5, 2.375], "texture": "#0"},
				"east": {"uv": [10, 2.25, 10.25, 2.375], "texture": "#0"},
				"south": {"uv": [10.75, 2.25, 11, 2.375], "texture": "#0"},
				"west": {"uv": [10.5, 2.25, 10.75, 2.375], "texture": "#0"},
				"up": {"uv": [10.5, 2.25, 10.25, 2], "texture": "#0"},
				"down": {"uv": [10.75, 2, 10.5, 2.25], "texture": "#0"}
			}
		},
		{
			"from": [5, 26, 3],
			"to": [6, 27, 4],
			"rotation": {"angle": 0, "axis": "y", "origin": [8, 0, 8]},
			"faces": {
				"north": {"uv": [5.875, 10.125, 6, 10.25], "texture": "#0"},
				"east": {"uv": [5.75, 10.125, 5.875, 10.25], "texture": "#0"},
				"south": {"uv": [6.125, 10.125, 6.25, 10.25], "texture": "#0"},
				"west": {"uv": [6, 10.125, 6.125, 10.25], "texture": "#0"},
				"up": {"uv": [6, 10.125, 5.875, 10], "texture": "#0"},
				"down": {"uv": [6.125, 10, 6, 10.125], "texture": "#0"}
			}
		},
		{
			"from": [4, 24, 2],
			"to": [5, 25, 3],
			"rotation": {"angle": 0, "axis": "y", "origin": [8, 0, 8]},
			"faces": {
				"north": {"uv": [7.375, 10.125, 7.5, 10.25], "texture": "#0"},
				"east": {"uv": [7.25, 10.125, 7.375, 10.25], "texture": "#0"},
				"south": {"uv": [7.625, 10.125, 7.75, 10.25], "texture": "#0"},
				"west": {"uv": [7.5, 10.125, 7.625, 10.25], "texture": "#0"},
				"up": {"uv": [7.5, 10.125, 7.375, 10], "texture": "#0"},
				"down": {"uv": [7.625, 10, 7.5, 10.125], "texture": "#0"}
			}
		},
		{
			"from": [10, 11, -2],
			"to": [12, 16, 0],
			"rotation": {"angle": 0, "axis": "y", "origin": [8, 0, 8]},
			"faces": {
				"north": {"uv": [3.5, 8.75, 3.75, 9.375], "texture": "#0"},
				"east": {"uv": [3.25, 8.75, 3.5, 9.375], "texture": "#0"},
				"south": {"uv": [4, 8.75, 4.25, 9.375], "texture": "#0"},
				"west": {"uv": [3.75, 8.75, 4, 9.375], "texture": "#0"},
				"up": {"uv": [3.75, 8.75, 3.5, 8.5], "texture": "#0"},
				"down": {"uv": [4, 8.5, 3.75, 8.75], "texture": "#0"}
			}
		},
		{
			"from": [9, 14, -3],
			"to": [11, 19, -1],
			"rotation": {"angle": 0, "axis": "y", "origin": [8, 0, 8]},
			"faces": {
				"north": {"uv": [4.5, 8.75, 4.75, 9.375], "texture": "#0"},
				"east": {"uv": [4.25, 8.75, 4.5, 9.375], "texture": "#0"},
				"south": {"uv": [5, 8.75, 5.25, 9.375], "texture": "#0"},
				"west": {"uv": [4.75, 8.75, 5, 9.375], "texture": "#0"},
				"up": {"uv": [4.75, 8.75, 4.5, 8.5], "texture": "#0"},
				"down": {"uv": [5, 8.5, 4.75, 8.75], "texture": "#0"}
			}
		},
		{
			"from": [5, 14, -3],
			"to": [7, 19, -1],
			"rotation": {"angle": 0, "axis": "y", "origin": [8, 0, 8]},
			"faces": {
				"north": {"uv": [7.75, 8.875, 8, 9.5], "texture": "#0"},
				"east": {"uv": [7.5, 8.875, 7.75, 9.5], "texture": "#0"},
				"south": {"uv": [8.25, 8.875, 8.5, 9.5], "texture": "#0"},
				"west": {"uv": [8, 8.875, 8.25, 9.5], "texture": "#0"},
				"up": {"uv": [8, 8.875, 7.75, 8.625], "texture": "#0"},
				"down": {"uv": [8.25, 8.625, 8, 8.875], "texture": "#0"}
			}
		},
		{
			"from": [7, 18, -2],
			"to": [9, 22, 0],
			"rotation": {"angle": 0, "axis": "y", "origin": [8, 0, 8]},
			"faces": {
				"north": {"uv": [2.25, 9.625, 2.5, 10.125], "texture": "#0"},
				"east": {"uv": [2, 9.625, 2.25, 10.125], "texture": "#0"},
				"south": {"uv": [2.75, 9.625, 3, 10.125], "texture": "#0"},
				"west": {"uv": [2.5, 9.625, 2.75, 10.125], "texture": "#0"},
				"up": {"uv": [2.5, 9.625, 2.25, 9.375], "texture": "#0"},
				"down": {"uv": [2.75, 9.375, 2.5, 9.625], "texture": "#0"}
			}
		},
		{
			"from": [7, 21, -1],
			"to": [9, 23, 1],
			"rotation": {"angle": 0, "axis": "y", "origin": [8, 0, 8]},
			"faces": {
				"north": {"uv": [10.25, 0.75, 10.5, 1], "texture": "#0"},
				"east": {"uv": [10, 0.75, 10.25, 1], "texture": "#0"},
				"south": {"uv": [10.75, 0.75, 11, 1], "texture": "#0"},
				"west": {"uv": [10.5, 0.75, 10.75, 1], "texture": "#0"},
				"up": {"uv": [10.5, 0.75, 10.25, 0.5], "texture": "#0"},
				"down": {"uv": [10.75, 0.5, 10.5, 0.75], "texture": "#0"}
			}
		},
		{
			"from": [7, 22, 0],
			"to": [9, 24, 2],
			"rotation": {"angle": 0, "axis": "y", "origin": [8, 0, 8]},
			"faces": {
				"north": {"uv": [10.25, 1.25, 10.5, 1.5], "texture": "#0"},
				"east": {"uv": [10, 1.25, 10.25, 1.5], "texture": "#0"},
				"south": {"uv": [10.75, 1.25, 11, 1.5], "texture": "#0"},
				"west": {"uv": [10.5, 1.25, 10.75, 1.5], "texture": "#0"},
				"up": {"uv": [10.5, 1.25, 10.25, 1], "texture": "#0"},
				"down": {"uv": [10.75, 1, 10.5, 1.25], "texture": "#0"}
			}
		},
		{
			"from": [7, 23, 1],
			"to": [9, 25, 3],
			"rotation": {"angle": 0, "axis": "y", "origin": [8, 0, 8]},
			"faces": {
				"north": {"uv": [10.25, 1.75, 10.5, 2], "texture": "#0"},
				"east": {"uv": [10, 1.75, 10.25, 2], "texture": "#0"},
				"south": {"uv": [10.75, 1.75, 11, 2], "texture": "#0"},
				"west": {"uv": [10.5, 1.75, 10.75, 2], "texture": "#0"},
				"up": {"uv": [10.5, 1.75, 10.25, 1.5], "texture": "#0"},
				"down": {"uv": [10.75, 1.5, 10.5, 1.75], "texture": "#0"}
			}
		},
		{
			"from": [7, 25, 2],
			"to": [9, 26, 4],
			"rotation": {"angle": 0, "axis": "y", "origin": [8, 0, 8]},
			"faces": {
				"north": {"uv": [10.25, 2.625, 10.5, 2.75], "texture": "#0"},
				"east": {"uv": [10, 2.625, 10.25, 2.75], "texture": "#0"},
				"south": {"uv": [10.75, 2.625, 11, 2.75], "texture": "#0"},
				"west": {"uv": [10.5, 2.625, 10.75, 2.75], "texture": "#0"},
				"up": {"uv": [10.5, 2.625, 10.25, 2.375], "texture": "#0"},
				"down": {"uv": [10.75, 2.375, 10.5, 2.625], "texture": "#0"}
			}
		},
		{
			"from": [7, 26, 3],
			"to": [9, 27, 5],
			"rotation": {"angle": 0, "axis": "y", "origin": [8, 0, 8]},
			"faces": {
				"north": {"uv": [10.25, 3, 10.5, 3.125], "texture": "#0"},
				"east": {"uv": [10, 3, 10.25, 3.125], "texture": "#0"},
				"south": {"uv": [10.75, 3, 11, 3.125], "texture": "#0"},
				"west": {"uv": [10.5, 3, 10.75, 3.125], "texture": "#0"},
				"up": {"uv": [10.5, 3, 10.25, 2.75], "texture": "#0"},
				"down": {"uv": [10.75, 2.75, 10.5, 3], "texture": "#0"}
			}
		},
		{
			"from": [4, 11, -2],
			"to": [6, 16, 0],
			"rotation": {"angle": 0, "axis": "y", "origin": [8, 0, 8]},
			"faces": {
				"north": {"uv": [8.75, 8.875, 9, 9.5], "texture": "#0"},
				"east": {"uv": [8.5, 8.875, 8.75, 9.5], "texture": "#0"},
				"south": {"uv": [9.25, 8.875, 9.5, 9.5], "texture": "#0"},
				"west": {"uv": [9, 8.875, 9.25, 9.5], "texture": "#0"},
				"up": {"uv": [9, 8.875, 8.75, 8.625], "texture": "#0"},
				"down": {"uv": [9.25, 8.625, 9, 8.875], "texture": "#0"}
			}
		},
		{
			"from": [2, 14, 16],
			"to": [5, 15, 23],
			"rotation": {"angle": 0, "axis": "y", "origin": [8, 0, 8]},
			"faces": {
				"north": {"uv": [7.875, 5.375, 8.25, 5.5], "texture": "#0"},
				"east": {"uv": [7, 5.375, 7.875, 5.5], "texture": "#0"},
				"south": {"uv": [9.125, 5.375, 9.5, 5.5], "texture": "#0"},
				"west": {"uv": [8.25, 5.375, 9.125, 5.5], "texture": "#0"},
				"up": {"uv": [8.25, 5.375, 7.875, 4.5], "texture": "#0"},
				"down": {"uv": [8.625, 4.5, 8.25, 5.375], "texture": "#0"}
			}
		},
		{
			"from": [6, 14, 16],
			"to": [13, 15, 23],
			"rotation": {"angle": 0, "axis": "y", "origin": [8, 0, 8]},
			"faces": {
				"north": {"uv": [7.875, 4.375, 8.75, 4.5], "texture": "#0"},
				"east": {"uv": [7, 4.375, 7.875, 4.5], "texture": "#0"},
				"south": {"uv": [9.625, 4.375, 10.5, 4.5], "texture": "#0"},
				"west": {"uv": [8.75, 4.375, 9.625, 4.5], "texture": "#0"},
				"up": {"uv": [8.75, 4.375, 7.875, 3.5], "texture": "#0"},
				"down": {"uv": [9.625, 3.5, 8.75, 4.375], "texture": "#0"}
			}
		},
		{
			"from": [2, 16, 17],
			"to": [5, 18, 22],
			"rotation": {"angle": 0, "axis": "y", "origin": [8, 0, 8]},
			"faces": {
				"north": {"uv": [6.625, 7.75, 7, 8], "texture": "#0"},
				"east": {"uv": [6, 7.75, 6.625, 8], "texture": "#0"},
				"south": {"uv": [7.625, 7.75, 8, 8], "texture": "#0"},
				"west": {"uv": [7, 7.75, 7.625, 8], "texture": "#0"},
				"up": {"uv": [7, 7.75, 6.625, 7.125], "texture": "#0"},
				"down": {"uv": [7.375, 7.125, 7, 7.75], "texture": "#0"}
			}
		},
		{
			"from": [3, 15, 17],
			"to": [4, 16, 22],
			"rotation": {"angle": 0, "axis": "y", "origin": [8, 0, 8]},
			"faces": {
				"north": {"uv": [6.625, 8.625, 6.75, 8.75], "texture": "#0"},
				"east": {"uv": [6, 8.625, 6.625, 8.75], "texture": "#0"},
				"south": {"uv": [7.375, 8.625, 7.5, 8.75], "texture": "#0"},
				"west": {"uv": [6.75, 8.625, 7.375, 8.75], "texture": "#0"},
				"up": {"uv": [6.75, 8.625, 6.625, 8], "texture": "#0"},
				"down": {"uv": [6.875, 8, 6.75, 8.625], "texture": "#0"}
			}
		},
		{
			"from": [2, 17, 22],
			"to": [5, 18, 23],
			"rotation": {"angle": 0, "axis": "y", "origin": [8, 0, 8]},
			"faces": {
				"north": {"uv": [9.625, 7.75, 10, 7.875], "texture": "#0"},
				"east": {"uv": [9.5, 7.75, 9.625, 7.875], "texture": "#0"},
				"south": {"uv": [10.125, 7.75, 10.5, 7.875], "texture": "#0"},
				"west": {"uv": [10, 7.75, 10.125, 7.875], "texture": "#0"},
				"up": {"uv": [10, 7.75, 9.625, 7.625], "texture": "#0"},
				"down": {"uv": [10.375, 7.625, 10, 7.75], "texture": "#0"}
			}
		},
		{
			"from": [2, 17, 16],
			"to": [5, 18, 17],
			"rotation": {"angle": 0, "axis": "y", "origin": [8, 0, 8]},
			"faces": {
				"north": {"uv": [3.125, 10.125, 3.5, 10.25], "texture": "#0"},
				"east": {"uv": [3, 10.125, 3.125, 10.25], "texture": "#0"},
				"south": {"uv": [3.625, 10.125, 4, 10.25], "texture": "#0"},
				"west": {"uv": [3.5, 10.125, 3.625, 10.25], "texture": "#0"},
				"up": {"uv": [3.5, 10.125, 3.125, 10], "texture": "#0"},
				"down": {"uv": [3.875, 10, 3.5, 10.125], "texture": "#0"}
			}
		},
		{
			"from": [3, 16, 16],
			"to": [4, 17, 17],
			"rotation": {"angle": 0, "axis": "y", "origin": [8, 0, 8]},
			"faces": {
				"north": {"uv": [5.375, 8.625, 5.5, 8.75], "texture": "#0"},
				"east": {"uv": [5.25, 8.625, 5.375, 8.75], "texture": "#0"},
				"south": {"uv": [5.625, 8.625, 5.75, 8.75], "texture": "#0"},
				"west": {"uv": [5.5, 8.625, 5.625, 8.75], "texture": "#0"},
				"up": {"uv": [5.5, 8.625, 5.375, 8.5], "texture": "#0"},
				"down": {"uv": [5.625, 8.5, 5.5, 8.625], "texture": "#0"}
			}
		},
		{
			"from": [3, 17, 15],
			"to": [4, 19, 16],
			"rotation": {"angle": 0, "axis": "y", "origin": [8, 0, 8]},
			"faces": {
				"north": {"uv": [4.875, 10.125, 5, 10.375], "texture": "#0"},
				"east": {"uv": [4.75, 10.125, 4.875, 10.375], "texture": "#0"},
				"south": {"uv": [5.125, 10.125, 5.25, 10.375], "texture": "#0"},
				"west": {"uv": [5, 10.125, 5.125, 10.375], "texture": "#0"},
				"up": {"uv": [5, 10.125, 4.875, 10], "texture": "#0"},
				"down": {"uv": [5.125, 10, 5, 10.125], "texture": "#0"}
			}
		},
		{
			"from": [3, 15, 17],
			"to": [4, 16, 22],
			"rotation": {"angle": 0, "axis": "y", "origin": [8, 0, 8]},
			"faces": {
				"north": {"uv": [8.625, 7.75, 8.75, 7.875], "texture": "#0"},
				"east": {"uv": [8, 7.75, 8.625, 7.875], "texture": "#0"},
				"south": {"uv": [9.375, 7.75, 9.5, 7.875], "texture": "#0"},
				"west": {"uv": [8.75, 7.75, 9.375, 7.875], "texture": "#0"},
				"up": {"uv": [8.75, 7.75, 8.625, 7.125], "texture": "#0"},
				"down": {"uv": [8.875, 7.125, 8.75, 7.75], "texture": "#0"}
			}
		}
	],
	"display": {
		"thirdperson_righthand": {
			"rotation": [90, 90, 0],
			"translation": [-6, -2.75, -4.25]
		}
	},
	"groups": [
		{
			"name": "supports",
			"origin": [8, 0, 8],
			"color": 0,
			"children": [0, 1, 2, 3, 4, 5, 6]
		},
		{
			"name": "supports2",
			"origin": [2, 0, 8],
			"color": 0,
			"children": [7, 8, 9, 10, 11, 12, 13]
		},
		{
			"name": "theforge",
			"origin": [8, 0, 8],
			"color": 0,
			"children": [14, 15, 16, 17]
		},
		{
			"name": "deco1",
			"origin": [8, 0, 8],
			"color": 0,
			"children": [18, 19, 20, 21, 22, 23, 24, 25]
		},
		{
			"name": "deco2",
			"origin": [8, 0, 8],
			"color": 0,
			"children": [26, 27, 28, 29, 30, 31, 32, 33]
		},
		{
			"name": "deco3",
			"origin": [8, 0, 8],
			"color": 0,
			"children": [34, 35, 36, 37, 38, 39, 40, 41, 42, 43]
		},
		{
			"name": "deco4",
			"origin": [8, 0, 8],
			"color": 0,
			"children": [44, 45, 46, 47, 48, 49, 50, 51, 52]
		}
	]
}