{
	"credit": "Made with Blockbench",
	"texture_size": [128, 128],
	"textures": {
		"0": "smithresource/timetext",
		"particle": "smithresource/timetext"
	},
	"elements": [
		{
			"from": [0, 0, 0],
			"to": [16, 2, 16],
			"rotation": {"angle": 0, "axis": "y", "origin": [7, 0, 7]},
			"faces": {
				"north": {"uv": [5.25, 2.25, 7.25, 2.5], "texture": "#0"},
				"east": {"uv": [0.25, 6, 2.25, 6.25], "texture": "#0"},
				"south": {"uv": [6, 3.25, 8, 3.5], "texture": "#0"},
				"west": {"uv": [6, 3.5, 8, 3.75], "texture": "#0"},
				"up": {"uv": [2, 2, 0, 0], "texture": "#0"},
				"down": {"uv": [2, 2, 0, 4], "texture": "#0"}
			}
		},
		{
			"from": [0, 22, 0],
			"to": [16, 24, 16],
			"rotation": {"angle": 0, "axis": "y", "origin": [7, 22, 7]},
			"faces": {
				"north": {"uv": [6, 3.75, 8, 4], "texture": "#0"},
				"east": {"uv": [6, 4, 8, 4.25], "texture": "#0"},
				"south": {"uv": [6, 4.25, 8, 4.5], "texture": "#0"},
				"west": {"uv": [6, 4.5, 8, 4.75], "texture": "#0"},
				"up": {"uv": [4, 2, 2, 0], "texture": "#0"},
				"down": {"uv": [4, 2, 2, 4], "texture": "#0"}
			}
		},
		{
			"from": [3, 2, 3],
			"to": [13, 8, 13],
			"rotation": {"angle": 0, "axis": "y", "origin": [8, 2, 3]},
			"faces": {
				"north": {"uv": [4.5, 4.5, 5.75, 5.25], "texture": "#0"},
				"east": {"uv": [2.5, 5, 3.75, 5.75], "texture": "#0"},
				"south": {"uv": [5, 2.5, 6.25, 3.25], "texture": "#0"},
				"west": {"uv": [0, 5.25, 1.25, 6], "texture": "#0"},
				"up": {"uv": [1.25, 5.25, 0, 4], "texture": "#0"},
				"down": {"uv": [5.25, 0, 4, 1.25], "texture": "#0"}
			}
		},
		{
			"from": [3, 17, 3],
			"to": [13, 23, 13],
			"rotation": {"angle": 0, "axis": "y", "origin": [8, 17, 3]},
			"faces": {
				"north": {"uv": [5.25, 0, 6.5, 0.75], "texture": "#0"},
				"east": {"uv": [5.25, 0.75, 6.5, 1.5], "texture": "#0"},
				"south": {"uv": [1.25, 5.25, 2.5, 6], "texture": "#0"},
				"west": {"uv": [5.25, 1.5, 6.5, 2.25], "texture": "#0"},
				"up": {"uv": [2.5, 5.25, 1.25, 4], "texture": "#0"},
				"down": {"uv": [5.25, 1.25, 4, 2.5], "texture": "#0"}
			}
		},
		{
			"from": [4, 8, 4],
			"to": [12, 11, 12],
			"rotation": {"angle": 0, "axis": "y", "origin": [8, 8, 3]},
			"faces": {
				"north": {"uv": [6, 4.75, 7, 5.125], "texture": "#0"},
				"east": {"uv": [6, 5.125, 7, 5.5], "texture": "#0"},
				"south": {"uv": [6, 5.5, 7, 5.875], "texture": "#0"},
				"west": {"uv": [6, 5.875, 7, 6.25], "texture": "#0"},
				"up": {"uv": [3.5, 5, 2.5, 4], "texture": "#0"},
				"down": {"uv": [5, 2.5, 4, 3.5], "texture": "#0"}
			}
		},
		{
			"from": [4, 14, 4],
			"to": [12, 17, 12],
			"rotation": {"angle": 0, "axis": "y", "origin": [8, 14, 3]},
			"faces": {
				"north": {"uv": [0.25, 6.25, 1.25, 6.625], "texture": "#0"},
				"east": {"uv": [1.25, 6.25, 2.25, 6.625], "texture": "#0"},
				"south": {"uv": [6.25, 2.5, 7.25, 2.875], "texture": "#0"},
				"west": {"uv": [6.25, 2.875, 7.25, 3.25], "texture": "#0"},
				"up": {"uv": [4.5, 5, 3.5, 4], "texture": "#0"},
				"down": {"uv": [5.5, 3.5, 4.5, 4.5], "texture": "#0"}
			}
		},
		{
			"from": [6, 11, 6],
			"to": [10, 14, 10],
			"rotation": {"angle": 0, "axis": "y", "origin": [8, 11, 3]},
			"faces": {
				"north": {"uv": [6.5, 0, 7, 0.375], "texture": "#0"},
				"east": {"uv": [6.5, 0.375, 7, 0.75], "texture": "#0"},
				"south": {"uv": [6.5, 0.75, 7, 1.125], "texture": "#0"},
				"west": {"uv": [6.5, 1.125, 7, 1.5], "texture": "#0"},
				"up": {"uv": [4.5, 4, 4, 3.5], "texture": "#0"},
				"down": {"uv": [6.5, 6.25, 6, 6.75], "texture": "#0"}
			}
		},
		{
			"from": [1, 2, 13],
			"to": [3, 22, 15],
			"rotation": {"angle": 0, "axis": "y", "origin": [1, 2, 13]},
			"faces": {
				"north": {"uv": [3.75, 5, 4, 7.5], "texture": "#0"},
				"east": {"uv": [4, 5, 4.25, 7.5], "texture": "#0"},
				"south": {"uv": [4.25, 5, 4.5, 7.5], "texture": "#0"},
				"west": {"uv": [4.5, 5.25, 4.75, 7.75], "texture": "#0"},
				"up": {"uv": [5.25, 3.5, 5, 3.25], "texture": "#0"},
				"down": {"uv": [5.5, 3.25, 5.25, 3.5], "texture": "#0"}
			}
		},
		{
			"from": [1, 2, 1],
			"to": [3, 22, 3],
			"rotation": {"angle": 0, "axis": "y", "origin": [1, 2, 1]},
			"faces": {
				"north": {"uv": [4.75, 5.25, 5, 7.75], "texture": "#0"},
				"east": {"uv": [5, 5.25, 5.25, 7.75], "texture": "#0"},
				"south": {"uv": [5.25, 5.25, 5.5, 7.75], "texture": "#0"},
				"west": {"uv": [5.5, 5.25, 5.75, 7.75], "texture": "#0"},
				"up": {"uv": [5.75, 3.5, 5.5, 3.25], "texture": "#0"},
				"down": {"uv": [5.75, 3.5, 5.5, 3.75], "texture": "#0"}
			}
		},
		{
			"from": [13, 2, 1],
			"to": [15, 22, 3],
			"rotation": {"angle": 0, "axis": "y", "origin": [13, 2, 1]},
			"faces": {
				"north": {"uv": [2.5, 5.75, 2.75, 8.25], "texture": "#0"},
				"east": {"uv": [2.75, 5.75, 3, 8.25], "texture": "#0"},
				"south": {"uv": [3, 5.75, 3.25, 8.25], "texture": "#0"},
				"west": {"uv": [3.25, 5.75, 3.5, 8.25], "texture": "#0"},
				"up": {"uv": [5.75, 4, 5.5, 3.75], "texture": "#0"},
				"down": {"uv": [5.75, 4, 5.5, 4.25], "texture": "#0"}
			}
		},
		{
			"from": [13, 2, 13],
			"to": [15, 22, 15],
			"rotation": {"angle": 0, "axis": "y", "origin": [13, 2, 13]},
			"faces": {
				"north": {"uv": [5.75, 3.25, 6, 5.75], "texture": "#0"},
				"east": {"uv": [3.5, 5.75, 3.75, 8.25], "texture": "#0"},
				"south": {"uv": [5.75, 5.75, 6, 8.25], "texture": "#0"},
				"west": {"uv": [0, 6, 0.25, 8.5], "texture": "#0"},
				"up": {"uv": [5.75, 4.5, 5.5, 4.25], "texture": "#0"},
				"down": {"uv": [2.5, 6, 2.25, 6.25], "texture": "#0"}
			}
		}
	],
	"display": {
		"thirdperson_righthand": {
			"rotation": [90, 0, 0],
			"translation": [-6.5, 0, -4]
		}
	}
}