{
	"credit": "Made with Blockbench",
	"texture_size": [64, 64],
	"textures": {
		"2": "smithresource/wbectext",
		"particle": "smithresource/wbectext"
	},
	"elements": [
		{
			"from": [0, 0, 0],
			"to": [16, 1, 16],
			"rotation": {"angle": 0, "axis": "y", "origin": [7, 0, 7]},
			"faces": {
				"north": {"uv": [11, 3, 15, 3.25], "texture": "#2"},
				"east": {"uv": [11, 3.25, 15, 3.5], "texture": "#2"},
				"south": {"uv": [11.5, 8.5, 15.5, 8.75], "texture": "#2"},
				"west": {"uv": [11.5, 8.75, 15.5, 9], "texture": "#2"},
				"up": {"uv": [4, 4, 0, 0], "texture": "#2"},
				"down": {"uv": [4, 4, 0, 8], "texture": "#2"}
			}
		},
		{
			"from": [1, 1, 1],
			"to": [15, 2, 15],
			"rotation": {"angle": 0, "axis": "y", "origin": [7, 1, 7]},
			"faces": {
				"north": {"uv": [10.75, 11.5, 14.25, 11.75], "texture": "#2"},
				"east": {"uv": [11.5, 11, 15, 11.25], "texture": "#2"},
				"south": {"uv": [11.5, 11.25, 15, 11.5], "texture": "#2"},
				"west": {"uv": [11.75, 3.5, 15.25, 3.75], "texture": "#2"},
				"up": {"uv": [7.5, 3.5, 4, 0], "texture": "#2"},
				"down": {"uv": [7.5, 3.5, 4, 7], "texture": "#2"}
			}
		},
		{
			"from": [3, 6, 3],
			"to": [13, 7, 13],
			"rotation": {"angle": 0, "axis": "y", "origin": [7, 6, 7]},
			"faces": {
				"north": {"uv": [11.75, 3.75, 14.25, 4], "texture": "#2"},
				"east": {"uv": [11.75, 4, 14.25, 4.25], "texture": "#2"},
				"south": {"uv": [11.75, 4.25, 14.25, 4.5], "texture": "#2"},
				"west": {"uv": [11.75, 4.5, 14.25, 4.75], "texture": "#2"},
				"up": {"uv": [10, 6, 7.5, 3.5], "texture": "#2"},
				"down": {"uv": [10, 6, 7.5, 8.5], "texture": "#2"}
			}
		},
		{
			"from": [7, 2, 1],
			"to": [9, 14, 3],
			"rotation": {"angle": 22.5, "axis": "x", "origin": [7, 2, 1]},
			"faces": {
				"north": {"uv": [5.25, 10.5, 5.75, 13.5], "texture": "#2"},
				"east": {"uv": [5.75, 10.5, 6.25, 13.5], "texture": "#2"},
				"south": {"uv": [6.25, 10.5, 6.75, 13.5], "texture": "#2"},
				"west": {"uv": [6.75, 10.5, 7.25, 13.5], "texture": "#2"},
				"up": {"uv": [12.75, 7.75, 12.25, 7.25], "texture": "#2"},
				"down": {"uv": [12.75, 7.75, 12.25, 8.25], "texture": "#2"}
			}
		},
		{
			"from": [7, 1, 13],
			"to": [9, 13, 15],
			"rotation": {"angle": -22.5, "axis": "x", "origin": [7, 1, 13]},
			"faces": {
				"north": {"uv": [11, 0, 11.5, 3], "texture": "#2"},
				"east": {"uv": [7.25, 11, 7.75, 14], "texture": "#2"},
				"south": {"uv": [7.75, 11, 8.25, 14], "texture": "#2"},
				"west": {"uv": [8.25, 11, 8.75, 14], "texture": "#2"},
				"up": {"uv": [13, 2.25, 12.5, 1.75], "texture": "#2"},
				"down": {"uv": [13, 6.5, 12.5, 7], "texture": "#2"}
			}
		},
		{
			"from": [13, 1, 7],
			"to": [15, 13, 9],
			"rotation": {"angle": 22.5, "axis": "z", "origin": [13, 1, 7]},
			"faces": {
				"north": {"uv": [11, 8.5, 11.5, 11.5], "texture": "#2"},
				"east": {"uv": [8.75, 11, 9.25, 14], "texture": "#2"},
				"south": {"uv": [9.25, 11, 9.75, 14], "texture": "#2"},
				"west": {"uv": [9.75, 11, 10.25, 14], "texture": "#2"},
				"up": {"uv": [2, 13.25, 1.5, 12.75], "texture": "#2"},
				"down": {"uv": [2.5, 12.75, 2, 13.25], "texture": "#2"}
			}
		},
		{
			"from": [1, 2, 7],
			"to": [3, 14, 9],
			"rotation": {"angle": -22.5, "axis": "z", "origin": [1, 2, 7]},
			"faces": {
				"north": {"uv": [10.25, 11, 10.75, 14], "texture": "#2"},
				"east": {"uv": [0, 11.5, 0.5, 14.5], "texture": "#2"},
				"south": {"uv": [11.5, 0, 12, 3], "texture": "#2"},
				"west": {"uv": [0.5, 11.5, 1, 14.5], "texture": "#2"},
				"up": {"uv": [3, 13.25, 2.5, 12.75], "texture": "#2"},
				"down": {"uv": [3.5, 12.75, 3, 13.25], "texture": "#2"}
			}
		},
		{
			"from": [1, 2, 4],
			"to": [8, 6, 5],
			"rotation": {"angle": 45, "axis": "y", "origin": [6, 2, 4]},
			"faces": {
				"north": {"uv": [10, 3.5, 11.75, 4.5], "texture": "#2"},
				"east": {"uv": [3.5, 12.75, 3.75, 13.75], "texture": "#2"},
				"south": {"uv": [10, 4.5, 11.75, 5.5], "texture": "#2"},
				"west": {"uv": [3.75, 12.75, 4, 13.75], "texture": "#2"},
				"up": {"uv": [13.75, 2.5, 12, 2.25], "texture": "#2"},
				"down": {"uv": [13.75, 2.5, 12, 2.75], "texture": "#2"}
			}
		},
		{
			"from": [6, 2, 9],
			"to": [13, 6, 10],
			"rotation": {"angle": 45, "axis": "y", "origin": [11, 2, 9]},
			"faces": {
				"north": {"uv": [10, 5.5, 11.75, 6.5], "texture": "#2"},
				"east": {"uv": [4, 12.75, 4.25, 13.75], "texture": "#2"},
				"south": {"uv": [10, 6.5, 11.75, 7.5], "texture": "#2"},
				"west": {"uv": [4.25, 12.75, 4.5, 13.75], "texture": "#2"},
				"up": {"uv": [13.75, 3, 12, 2.75], "texture": "#2"},
				"down": {"uv": [13.75, 7, 12, 7.25], "texture": "#2"}
			}
		},
		{
			"from": [4, 2, 7],
			"to": [5, 6, 14],
			"rotation": {"angle": 45, "axis": "y", "origin": [4, 2, 9]},
			"faces": {
				"north": {"uv": [4.5, 12.75, 4.75, 13.75], "texture": "#2"},
				"east": {"uv": [10, 7.5, 11.75, 8.5], "texture": "#2"},
				"south": {"uv": [4.75, 12.75, 5, 13.75], "texture": "#2"},
				"west": {"uv": [0, 10.5, 1.75, 11.5], "texture": "#2"},
				"up": {"uv": [12.5, 13.5, 12.25, 11.75], "texture": "#2"},
				"down": {"uv": [12.75, 0, 12.5, 1.75], "texture": "#2"}
			}
		},
		{
			"from": [9, 2, 3],
			"to": [10, 6, 10],
			"rotation": {"angle": 45, "axis": "y", "origin": [9, 2, 5]},
			"faces": {
				"north": {"uv": [12.75, 4.75, 13, 5.75], "texture": "#2"},
				"east": {"uv": [1.75, 10.5, 3.5, 11.5], "texture": "#2"},
				"south": {"uv": [12.75, 7.25, 13, 8.25], "texture": "#2"},
				"west": {"uv": [3.5, 10.5, 5.25, 11.5], "texture": "#2"},
				"up": {"uv": [12.75, 6.5, 12.5, 4.75], "texture": "#2"},
				"down": {"uv": [12.75, 9, 12.5, 10.75], "texture": "#2"}
			}
		},
		{
			"from": [1, 11, 1],
			"to": [15, 16, 15],
			"rotation": {"angle": 0, "axis": "y", "origin": [7, 11, 7]},
			"faces": {
				"north": {"uv": [0, 8, 3.5, 9.25], "texture": "#2"},
				"east": {"uv": [7.5, 8.5, 11, 9.75], "texture": "#2"},
				"south": {"uv": [0, 9.25, 3.5, 10.5], "texture": "#2"},
				"west": {"uv": [7.5, 9.75, 11, 11], "texture": "#2"},
				"up": {"uv": [7.5, 10.5, 4, 7], "texture": "#2"},
				"down": {"uv": [11, 0, 7.5, 3.5], "texture": "#2"}
			}
		},
		{
			"from": [13, 16, 2],
			"to": [14, 26, 3],
			"rotation": {"angle": 0, "axis": "y", "origin": [12, 16, 2]},
			"faces": {
				"north": {"uv": [3.5, 8, 3.75, 10.5], "texture": "#2"},
				"east": {"uv": [3.75, 8, 4, 10.5], "texture": "#2"},
				"south": {"uv": [5, 11.5, 5.25, 14], "texture": "#2"},
				"west": {"uv": [11.75, 4.75, 12, 7.25], "texture": "#2"},
				"up": {"uv": [7.5, 10.75, 7.25, 10.5], "texture": "#2"},
				"down": {"uv": [7.5, 10.75, 7.25, 11], "texture": "#2"}
			}
		},
		{
			"from": [13, 16, 4],
			"to": [14, 25, 5],
			"rotation": {"angle": 0, "axis": "y", "origin": [12, 16, 4]},
			"faces": {
				"north": {"uv": [12, 0, 12.25, 2.25], "texture": "#2"},
				"east": {"uv": [12, 4.75, 12.25, 7], "texture": "#2"},
				"south": {"uv": [12.25, 0, 12.5, 2.25], "texture": "#2"},
				"west": {"uv": [12.25, 4.75, 12.5, 7], "texture": "#2"},
				"up": {"uv": [11, 11.25, 10.75, 11], "texture": "#2"},
				"down": {"uv": [11, 11.25, 10.75, 11.5], "texture": "#2"}
			}
		},
		{
			"from": [11, 16, 2],
			"to": [12, 23, 3],
			"rotation": {"angle": 0, "axis": "y", "origin": [10, 16, 2]},
			"faces": {
				"north": {"uv": [12.5, 11.75, 12.75, 13.5], "texture": "#2"},
				"east": {"uv": [12.75, 0, 13, 1.75], "texture": "#2"},
				"south": {"uv": [1, 12.75, 1.25, 14.5], "texture": "#2"},
				"west": {"uv": [1.25, 12.75, 1.5, 14.5], "texture": "#2"},
				"up": {"uv": [12.5, 8.5, 12.25, 8.25], "texture": "#2"},
				"down": {"uv": [12.75, 8.25, 12.5, 8.5], "texture": "#2"}
			}
		},
		{
			"from": [7, 7, 7],
			"to": [9, 12, 9],
			"rotation": {"angle": 0, "axis": "y", "origin": [7, 7, 7]},
			"faces": {
				"north": {"uv": [11.75, 7.25, 12.25, 8.5], "texture": "#2"},
				"east": {"uv": [10.75, 11.75, 11.25, 13], "texture": "#2"},
				"south": {"uv": [11.25, 11.75, 11.75, 13], "texture": "#2"},
				"west": {"uv": [11.75, 11.75, 12.25, 13], "texture": "#2"},
				"up": {"uv": [13.25, 6.25, 12.75, 5.75], "texture": "#2"},
				"down": {"uv": [13.25, 9, 12.75, 9.5], "texture": "#2"}
			}
		},
		{
			"from": [6, 16, 6],
			"to": [10, 21, 10],
			"rotation": {"angle": 0, "axis": "y", "origin": [7, 16, 7]},
			"faces": {
				"north": {"uv": [1, 11.5, 2, 12.75], "texture": "#2"},
				"east": {"uv": [2, 11.5, 3, 12.75], "texture": "#2"},
				"south": {"uv": [3, 11.5, 4, 12.75], "texture": "#2"},
				"west": {"uv": [4, 11.5, 5, 12.75], "texture": "#2"},
				"up": {"uv": [12.5, 10, 11.5, 9], "texture": "#2"},
				"down": {"uv": [12.5, 10, 11.5, 11], "texture": "#2"}
			}
		}
	],
	"display": {
		"thirdperson_righthand": {
			"rotation": [90, 0, 0],
			"translation": [-5.75, 0, -4]
		}
	}
}