{
	"credit": "Made with Blockbench",
	"texture_size": [64, 64],
	"textures": {
		"0": "item/worm",
		"particle": "item/worm"
	},
	"elements": [
		{
			"from": [7.25, 24, 7.25],
			"to": [8.75, 30, 8.75],
			"rotation": {"angle": 0, "axis": "y", "origin": [9, 33, 9]},
			"faces": {
				"north": {"uv": [9.25, 1, 9.75, 2.5], "texture": "#0"},
				"east": {"uv": [5.25, 9.25, 5.75, 10.75], "texture": "#0"},
				"south": {"uv": [9.25, 5.25, 9.75, 6.75], "texture": "#0"},
				"west": {"uv": [5.75, 9.25, 6.25, 10.75], "texture": "#0"},
				"up": {"uv": [6.75, 9.75, 6.25, 9.25], "texture": "#0"},
				"down": {"uv": [7.25, 9.25, 6.75, 9.75], "texture": "#0"}
			}
		},
		{
			"from": [7.25, 25, 9.95],
			"to": [8.05, 27, 10.75],
			"rotation": {"angle": -22.5, "axis": "x", "origin": [7, 25, 11]},
			"faces": {
				"north": {"uv": [4.5, 9.5, 4.75, 10], "texture": "#0"},
				"east": {"uv": [4.75, 9.5, 5, 10], "texture": "#0"},
				"south": {"uv": [9.5, 4.75, 9.75, 5.25], "texture": "#0"},
				"west": {"uv": [5, 9.5, 5.25, 10], "texture": "#0"},
				"up": {"uv": [8, 1.75, 7.75, 1.5], "texture": "#0"},
				"down": {"uv": [8, 7.5, 7.75, 7.75], "texture": "#0"}
			}
		},
		{
			"from": [5.25, 25, 7.5],
			"to": [6.05, 27, 8.3],
			"rotation": {"angle": -22.5, "axis": "z", "origin": [5, 25, 9]},
			"faces": {
				"north": {"uv": [9.5, 6.75, 9.75, 7.25], "texture": "#0"},
				"east": {"uv": [9.5, 7.25, 9.75, 7.75], "texture": "#0"},
				"south": {"uv": [9.5, 7.75, 9.75, 8.25], "texture": "#0"},
				"west": {"uv": [9.5, 8.25, 9.75, 8.75], "texture": "#0"},
				"up": {"uv": [8.25, 7.75, 8, 7.5], "texture": "#0"},
				"down": {"uv": [3.25, 8.25, 3, 8.5], "texture": "#0"}
			}
		},
		{
			"from": [5.8, 25, 9.2],
			"to": [6.6, 27, 10],
			"rotation": {"angle": -22.5, "axis": "z", "origin": [5.5, 25, 11]},
			"faces": {
				"north": {"uv": [9.5, 8.75, 9.75, 9.25], "texture": "#0"},
				"east": {"uv": [9.5, 9.25, 9.75, 9.75], "texture": "#0"},
				"south": {"uv": [9.75, 1, 10, 1.5], "texture": "#0"},
				"west": {"uv": [9.75, 1.5, 10, 2], "texture": "#0"},
				"up": {"uv": [3.5, 8.5, 3.25, 8.25], "texture": "#0"},
				"down": {"uv": [3.75, 8.25, 3.5, 8.5], "texture": "#0"}
			}
		},
		{
			"from": [5.8, 25, 6.2],
			"to": [6.6, 27, 7],
			"rotation": {"angle": -22.5, "axis": "z", "origin": [5.5, 25, 8]},
			"faces": {
				"north": {"uv": [9.75, 2, 10, 2.5], "texture": "#0"},
				"east": {"uv": [9.75, 2.5, 10, 3], "texture": "#0"},
				"south": {"uv": [3, 9.75, 3.25, 10.25], "texture": "#0"},
				"west": {"uv": [9.75, 3, 10, 3.5], "texture": "#0"},
				"up": {"uv": [9.5, 2.75, 9.25, 2.5], "texture": "#0"},
				"down": {"uv": [10, 4.5, 9.75, 4.75], "texture": "#0"}
			}
		},
		{
			"from": [7.25, 24, 5],
			"to": [8.05, 26, 5.8],
			"rotation": {"angle": 22.5, "axis": "x", "origin": [7, 24, 7]},
			"faces": {
				"north": {"uv": [3.25, 9.75, 3.5, 10.25], "texture": "#0"},
				"east": {"uv": [3.5, 9.75, 3.75, 10.25], "texture": "#0"},
				"south": {"uv": [9.75, 3.5, 10, 4], "texture": "#0"},
				"west": {"uv": [3.75, 9.75, 4, 10.25], "texture": "#0"},
				"up": {"uv": [10, 5, 9.75, 4.75], "texture": "#0"},
				"down": {"uv": [10, 5, 9.75, 5.25], "texture": "#0"}
			}
		},
		{
			"from": [10.25, 24, 7.5],
			"to": [11.05, 26.5, 8.3],
			"rotation": {"angle": 22.5, "axis": "z", "origin": [10, 24, 9]},
			"faces": {
				"north": {"uv": [5, 4.25, 5.25, 5], "texture": "#0"},
				"east": {"uv": [6.25, 1.75, 6.5, 2.5], "texture": "#0"},
				"south": {"uv": [6.5, 3.5, 6.75, 4.25], "texture": "#0"},
				"west": {"uv": [3.5, 7.5, 3.75, 8.25], "texture": "#0"},
				"up": {"uv": [10, 5.5, 9.75, 5.25], "texture": "#0"},
				"down": {"uv": [10, 5.5, 9.75, 5.75], "texture": "#0"}
			}
		},
		{
			"from": [7, 29, 7.2],
			"to": [8, 32, 8.8],
			"rotation": {"angle": 22.5, "axis": "z", "origin": [8, 30, 8]},
			"faces": {
				"north": {"uv": [8, 2.75, 8.25, 3.5], "texture": "#0"},
				"east": {"uv": [3, 7.5, 3.5, 8.25], "texture": "#0"},
				"south": {"uv": [7.25, 9.25, 7.5, 10], "texture": "#0"},
				"west": {"uv": [7.75, 6.75, 8.25, 7.5], "texture": "#0"},
				"up": {"uv": [4.25, 10.25, 4, 9.75], "texture": "#0"},
				"down": {"uv": [10, 4, 9.75, 4.5], "texture": "#0"}
			}
		},
		{
			"from": [8, 28, 7.35],
			"to": [9, 31, 8.65],
			"rotation": {"angle": -22.5, "axis": "z", "origin": [9, 29, 8]},
			"faces": {
				"north": {"uv": [7.5, 9.25, 7.75, 10], "texture": "#0"},
				"east": {"uv": [7.75, 9.25, 8, 10], "texture": "#0"},
				"south": {"uv": [8, 9.25, 8.25, 10], "texture": "#0"},
				"west": {"uv": [8.25, 9.25, 8.5, 10], "texture": "#0"},
				"up": {"uv": [10, 6, 9.75, 5.75], "texture": "#0"},
				"down": {"uv": [10, 6, 9.75, 6.25], "texture": "#0"}
			}
		},
		{
			"from": [9.8, 24, 6],
			"to": [10.6, 26.5, 6.8],
			"rotation": {"angle": 22.5, "axis": "z", "origin": [10, 24, 8]},
			"faces": {
				"north": {"uv": [8.5, 9.25, 8.75, 10], "texture": "#0"},
				"east": {"uv": [8.75, 9.25, 9, 10], "texture": "#0"},
				"south": {"uv": [9, 9.25, 9.25, 10], "texture": "#0"},
				"west": {"uv": [9.25, 9.25, 9.5, 10], "texture": "#0"},
				"up": {"uv": [6.5, 10, 6.25, 9.75], "texture": "#0"},
				"down": {"uv": [10, 6.25, 9.75, 6.5], "texture": "#0"}
			}
		},
		{
			"from": [9.8, 24, 9],
			"to": [10.6, 26.5, 9.8],
			"rotation": {"angle": 22.5, "axis": "z", "origin": [10, 24, 11]},
			"faces": {
				"north": {"uv": [9.5, 2.5, 9.75, 3.25], "texture": "#0"},
				"east": {"uv": [9.5, 3.25, 9.75, 4], "texture": "#0"},
				"south": {"uv": [9.5, 4, 9.75, 4.75], "texture": "#0"},
				"west": {"uv": [4.25, 9.5, 4.5, 10.25], "texture": "#0"},
				"up": {"uv": [6.75, 10, 6.5, 9.75], "texture": "#0"},
				"down": {"uv": [10, 6.5, 9.75, 6.75], "texture": "#0"}
			}
		},
		{
			"from": [5, 18, 5],
			"to": [11, 25, 11],
			"rotation": {"angle": 0, "axis": "y", "origin": [9, 30, 9]},
			"faces": {
				"north": {"uv": [5, 2.5, 6.5, 4.25], "texture": "#0"},
				"east": {"uv": [3.75, 5, 5.25, 6.75], "texture": "#0"},
				"south": {"uv": [5.25, 4.25, 6.75, 6], "texture": "#0"},
				"west": {"uv": [5.25, 6, 6.75, 7.75], "texture": "#0"},
				"up": {"uv": [9.25, 1.5, 7.75, 0], "texture": "#0"},
				"down": {"uv": [6.75, 7.75, 5.25, 9.25], "texture": "#0"}
			}
		},
		{
			"from": [5, 7, 5],
			"to": [11, 14, 11],
			"rotation": {"angle": 0, "axis": "y", "origin": [9, 19, 9]},
			"faces": {
				"north": {"uv": [6.25, 0, 7.75, 1.75], "texture": "#0"},
				"east": {"uv": [6.5, 1.75, 8, 3.5], "texture": "#0"},
				"south": {"uv": [6.75, 3.5, 8.25, 5.25], "texture": "#0"},
				"west": {"uv": [3.75, 6.75, 5.25, 8.5], "texture": "#0"},
				"up": {"uv": [9.25, 6.75, 7.75, 5.25], "texture": "#0"},
				"down": {"uv": [8.25, 7.75, 6.75, 9.25], "texture": "#0"}
			}
		},
		{
			"from": [5.5, 13, 5.5],
			"to": [10.5, 23, 10.5],
			"rotation": {"angle": 0, "axis": "y", "origin": [9, 30, 9]},
			"faces": {
				"north": {"uv": [0, 0, 1.25, 2.5], "texture": "#0"},
				"east": {"uv": [1.25, 0, 2.5, 2.5], "texture": "#0"},
				"south": {"uv": [0, 2.5, 1.25, 5], "texture": "#0"},
				"west": {"uv": [2.5, 0, 3.75, 2.5], "texture": "#0"},
				"up": {"uv": [9.25, 2.75, 8, 1.5], "texture": "#0"},
				"down": {"uv": [9.5, 2.75, 8.25, 4], "texture": "#0"}
			}
		},
		{
			"from": [5.5, 1, 5.5],
			"to": [10.5, 11, 10.5],
			"rotation": {"angle": 0, "axis": "y", "origin": [9, 18, 9]},
			"faces": {
				"north": {"uv": [1.25, 2.5, 2.5, 5], "texture": "#0"},
				"east": {"uv": [2.5, 2.5, 3.75, 5], "texture": "#0"},
				"south": {"uv": [3.75, 0, 5, 2.5], "texture": "#0"},
				"west": {"uv": [3.75, 2.5, 5, 5], "texture": "#0"},
				"up": {"uv": [9.5, 5.25, 8.25, 4], "texture": "#0"},
				"down": {"uv": [9.5, 6.75, 8.25, 8], "texture": "#0"}
			}
		},
		{
			"from": [5.75, -7, 5.75],
			"to": [10.25, 3, 10.25],
			"rotation": {"angle": 0, "axis": "y", "origin": [9, 10, 9]},
			"faces": {
				"north": {"uv": [0, 5, 1.25, 7.5], "texture": "#0"},
				"east": {"uv": [5, 0, 6.25, 2.5], "texture": "#0"},
				"south": {"uv": [1.25, 5, 2.5, 7.5], "texture": "#0"},
				"west": {"uv": [2.5, 5, 3.75, 7.5], "texture": "#0"},
				"up": {"uv": [9.5, 9.25, 8.25, 8], "texture": "#0"},
				"down": {"uv": [4.25, 8.5, 3, 9.75], "texture": "#0"}
			}
		},
		{
			"from": [6.25, -16, 6.25],
			"to": [9.75, -6, 9.75],
			"rotation": {"angle": 0, "axis": "y", "origin": [9, 1, 9]},
			"faces": {
				"north": {"uv": [6.75, 5.25, 7.75, 7.75], "texture": "#0"},
				"east": {"uv": [0, 7.5, 1, 10], "texture": "#0"},
				"south": {"uv": [1, 7.5, 2, 10], "texture": "#0"},
				"west": {"uv": [2, 7.5, 3, 10], "texture": "#0"},
				"up": {"uv": [5.25, 9.5, 4.25, 8.5], "texture": "#0"},
				"down": {"uv": [10.25, 0, 9.25, 1], "texture": "#0"}
			}
		}
	],
	"display": {
		"thirdperson_righthand": {
			"rotation": [90, 0, 0],
			"translation": [-5, -2, -60],
			"scale": [4, 4, 4]
		}
	},
	"groups": [
		{
			"name": "worm",
			"origin": [8, 8, 8],
			"color": 0,
			"children": [
				{
					"name": "head",
					"origin": [8, 8, 8],
					"color": 0,
					"children": [0, 1, 2, 3, 4, 5, 6, 7, 8, 9, 10]
				},
				11,
				12,
				13,
				14,
				15,
				16
			]
		}
	]
}