{
	"credit": "Made with Blockbench",
	"texture_size": [64, 64],
	"textures": {
		"0": "item/train",
		"particle": "item/train"
	},
	"elements": [
		{
			"from": [5, 0, 18.5],
			"to": [11, 8, 32],
			"rotation": {"angle": 0, "axis": "y", "origin": [-2, 0, 35]},
			"faces": {
				"north": {"uv": [9.5, 0, 11, 2], "texture": "#0"},
				"east": {"uv": [2.5, 3.5, 5.875, 5.5], "texture": "#0"},
				"south": {"uv": [9.75, 7.5, 11.25, 9.5], "texture": "#0"},
				"west": {"uv": [2.5, 5.5, 5.875, 7.5], "texture": "#0"},
				"up": {"uv": [6.75, 10.875, 5.25, 7.5], "texture": "#0"},
				"down": {"uv": [8.25, 7.5, 6.75, 10.875], "texture": "#0"}
			}
		},
		{
			"from": [5, 0, 7],
			"to": [11, 8, 18],
			"rotation": {"angle": 0, "axis": "y", "origin": [-2, 0, 23]},
			"faces": {
				"north": {"uv": [9.75, 9.5, 11.25, 11.5], "texture": "#0"},
				"east": {"uv": [6, 3.5, 8.75, 5.5], "texture": "#0"},
				"south": {"uv": [0, 10.25, 1.5, 12.25], "texture": "#0"},
				"west": {"uv": [6, 5.5, 8.75, 7.5], "texture": "#0"},
				"up": {"uv": [9.75, 10.25, 8.25, 7.5], "texture": "#0"},
				"down": {"uv": [10.25, 2, 8.75, 4.75], "texture": "#0"}
			}
		},
		{
			"from": [5, 0, -4.5],
			"to": [11, 8, 6.5],
			"rotation": {"angle": 0, "axis": "y", "origin": [-2, 0, 11]},
			"faces": {
				"north": {"uv": [10.25, 2, 11.75, 4], "texture": "#0"},
				"east": {"uv": [6.75, 0, 9.5, 2], "texture": "#0"},
				"south": {"uv": [10.25, 4, 11.75, 6], "texture": "#0"},
				"west": {"uv": [2.5, 7.5, 5.25, 9.5], "texture": "#0"},
				"up": {"uv": [10.25, 7.5, 8.75, 4.75], "texture": "#0"},
				"down": {"uv": [4, 9.5, 2.5, 12.25], "texture": "#0"}
			}
		},
		{
			"from": [5.5, 0.5, -6],
			"to": [10.5, 7.5, 21],
			"rotation": {"angle": 0, "axis": "y", "origin": [-2, 0, 1]},
			"faces": {
				"north": {"uv": [9.75, 11.5, 11, 13.25], "texture": "#0"},
				"east": {"uv": [0, 0, 6.75, 1.75], "texture": "#0"},
				"south": {"uv": [11, 11.5, 12.25, 13.25], "texture": "#0"},
				"west": {"uv": [0, 1.75, 6.75, 3.5], "texture": "#0"},
				"up": {"uv": [1.25, 10.25, 0, 3.5], "texture": "#0"},
				"down": {"uv": [2.5, 3.5, 1.25, 10.25], "texture": "#0"}
			}
		},
		{
			"from": [5.1, 0.1, -7.5],
			"to": [10.9, 7.35, -2.5],
			"rotation": {"angle": 0, "axis": "y", "origin": [-2, 0, 8]},
			"faces": {
				"north": {"uv": [8.25, 10.25, 9.75, 12.125], "texture": "#0"},
				"east": {"uv": [7, 11, 8.25, 12.875], "texture": "#0"},
				"south": {"uv": [11, 0, 12.5, 1.875], "texture": "#0"},
				"west": {"uv": [11.25, 6, 12.5, 7.875], "texture": "#0"},
				"up": {"uv": [13.25, 4.75, 11.75, 3.5], "texture": "#0"},
				"down": {"uv": [13.25, 4.75, 11.75, 6], "texture": "#0"}
			}
		},
		{
			"from": [5.25, 0.2, -10],
			"to": [10.75, 6.7, -4],
			"rotation": {"angle": 0, "axis": "y", "origin": [-2, 0, 8]},
			"faces": {
				"north": {"uv": [11.25, 8, 12.625, 9.625], "texture": "#0"},
				"east": {"uv": [4, 11, 5.5, 12.625], "texture": "#0"},
				"south": {"uv": [11.25, 9.75, 12.625, 11.375], "texture": "#0"},
				"west": {"uv": [5.5, 11, 7, 12.625], "texture": "#0"},
				"up": {"uv": [8.125, 3.5, 6.75, 2], "texture": "#0"},
				"down": {"uv": [13.125, 2, 11.75, 3.5], "texture": "#0"}
			}
		},
		{
			"from": [5.5, 0.5, -12],
			"to": [10.5, 5, -8],
			"rotation": {"angle": 0, "axis": "y", "origin": [-2, 0, 7]},
			"faces": {
				"north": {"uv": [8.25, 12.25, 9.5, 13.375], "texture": "#0"},
				"east": {"uv": [10.25, 6, 11.25, 7.125], "texture": "#0"},
				"south": {"uv": [12.25, 11.5, 13.5, 12.625], "texture": "#0"},
				"west": {"uv": [3, 12.25, 4, 13.375], "texture": "#0"},
				"up": {"uv": [13.75, 1, 12.5, 0], "texture": "#0"},
				"down": {"uv": [13.75, 1, 12.5, 2], "texture": "#0"}
			}
		},
		{
			"from": [6, 0.75, -14],
			"to": [10, 4.5, -8],
			"rotation": {"angle": 0, "axis": "y", "origin": [-2, 0, 7]},
			"faces": {
				"north": {"uv": [5.5, 12.75, 6.5, 13.75], "texture": "#0"},
				"east": {"uv": [0, 12.25, 1.5, 13.25], "texture": "#0"},
				"south": {"uv": [12.75, 7.5, 13.75, 8.5], "texture": "#0"},
				"west": {"uv": [1.5, 12.25, 3, 13.25], "texture": "#0"},
				"up": {"uv": [5, 11, 4, 9.5], "texture": "#0"},
				"down": {"uv": [2.5, 10.25, 1.5, 11.75], "texture": "#0"}
			}
		},
		{
			"from": [6.5, 1, -16],
			"to": [9.5, 3.75, -10],
			"rotation": {"angle": 0, "axis": "y", "origin": [-2, 0, 5]},
			"faces": {
				"north": {"uv": [12.75, 8.5, 13.5, 9.25], "texture": "#0"},
				"east": {"uv": [12.5, 6, 14, 6.75], "texture": "#0"},
				"south": {"uv": [12.75, 9.25, 13.5, 10], "texture": "#0"},
				"west": {"uv": [12.5, 6.75, 14, 7.5], "texture": "#0"},
				"up": {"uv": [4.75, 14.25, 4, 12.75], "texture": "#0"},
				"down": {"uv": [5.5, 12.75, 4.75, 14.25], "texture": "#0"}
			}
		},
		{
			"from": [9, -0.7, -6.5],
			"to": [10, 1.3, -4.5],
			"rotation": {"angle": 0, "axis": "y", "origin": [9, 1, -6]},
			"faces": {
				"north": {"uv": [5, 9.5, 5.25, 10], "texture": "#0"},
				"east": {"uv": [8.25, 2, 8.75, 2.5], "texture": "#0"},
				"south": {"uv": [5, 10, 5.25, 10.5], "texture": "#0"},
				"west": {"uv": [8.25, 2.5, 8.75, 3], "texture": "#0"},
				"up": {"uv": [5.25, 11, 5, 10.5], "texture": "#0"},
				"down": {"uv": [9.75, 12.25, 9.5, 12.75], "texture": "#0"}
			}
		},
		{
			"from": [6, -0.7, -6.5],
			"to": [7, 1.3, -4.5],
			"rotation": {"angle": 0, "axis": "y", "origin": [6, 1, -6]},
			"faces": {
				"north": {"uv": [12.5, 7.5, 12.75, 8], "texture": "#0"},
				"east": {"uv": [8.25, 3, 8.75, 3.5], "texture": "#0"},
				"south": {"uv": [9.5, 12.75, 9.75, 13.25], "texture": "#0"},
				"west": {"uv": [1.5, 11.75, 2, 12.25], "texture": "#0"},
				"up": {"uv": [8.25, 13.5, 8, 13], "texture": "#0"},
				"down": {"uv": [13.5, 4.5, 13.25, 5], "texture": "#0"}
			}
		},
		{
			"from": [6, -0.7, 4],
			"to": [7, 1.3, 6],
			"rotation": {"angle": 0, "axis": "y", "origin": [6, 1, 5]},
			"faces": {
				"north": {"uv": [13.25, 5, 13.5, 5.5], "texture": "#0"},
				"east": {"uv": [2, 11.75, 2.5, 12.25], "texture": "#0"},
				"south": {"uv": [13.25, 5.5, 13.5, 6], "texture": "#0"},
				"west": {"uv": [6.5, 12.75, 7, 13.25], "texture": "#0"},
				"up": {"uv": [6.75, 13.75, 6.5, 13.25], "texture": "#0"},
				"down": {"uv": [7, 13.25, 6.75, 13.75], "texture": "#0"}
			}
		},
		{
			"from": [6, -0.7, 15],
			"to": [7, 1.3, 17],
			"rotation": {"angle": 0, "axis": "y", "origin": [6, 1, 16]},
			"faces": {
				"north": {"uv": [9.5, 13.25, 9.75, 13.75], "texture": "#0"},
				"east": {"uv": [12.75, 10, 13.25, 10.5], "texture": "#0"},
				"south": {"uv": [9.75, 13.25, 10, 13.75], "texture": "#0"},
				"west": {"uv": [12.75, 10.5, 13.25, 11], "texture": "#0"},
				"up": {"uv": [10.25, 13.75, 10, 13.25], "texture": "#0"},
				"down": {"uv": [13.5, 10, 13.25, 10.5], "texture": "#0"}
			}
		},
		{
			"from": [6, -0.7, 29],
			"to": [7, 1.3, 31],
			"rotation": {"angle": 0, "axis": "y", "origin": [6, 1, 30]},
			"faces": {
				"north": {"uv": [10.25, 13.25, 10.5, 13.75], "texture": "#0"},
				"east": {"uv": [12.75, 11, 13.25, 11.5], "texture": "#0"},
				"south": {"uv": [10.5, 13.25, 10.75, 13.75], "texture": "#0"},
				"west": {"uv": [12.25, 12.75, 12.75, 13.25], "texture": "#0"},
				"up": {"uv": [13.5, 11, 13.25, 10.5], "texture": "#0"},
				"down": {"uv": [11, 13.25, 10.75, 13.75], "texture": "#0"}
			}
		},
		{
			"from": [9, -0.7, 4],
			"to": [10, 1.3, 6],
			"rotation": {"angle": 0, "axis": "y", "origin": [9, 1, 5]},
			"faces": {
				"north": {"uv": [11, 13.25, 11.25, 13.75], "texture": "#0"},
				"east": {"uv": [12.75, 12.75, 13.25, 13.25], "texture": "#0"},
				"south": {"uv": [13.25, 11, 13.5, 11.5], "texture": "#0"},
				"west": {"uv": [7, 13, 7.5, 13.5], "texture": "#0"},
				"up": {"uv": [11.5, 13.75, 11.25, 13.25], "texture": "#0"},
				"down": {"uv": [11.75, 13.25, 11.5, 13.75], "texture": "#0"}
			}
		},
		{
			"from": [9, -0.7, 7.5],
			"to": [10, 1.3, 9.5],
			"rotation": {"angle": 0, "axis": "y", "origin": [9, 1, 8]},
			"faces": {
				"north": {"uv": [11.75, 13.25, 12, 13.75], "texture": "#0"},
				"east": {"uv": [7.5, 13, 8, 13.5], "texture": "#0"},
				"south": {"uv": [12, 13.25, 12.25, 13.75], "texture": "#0"},
				"west": {"uv": [0, 13.25, 0.5, 13.75], "texture": "#0"},
				"up": {"uv": [12.5, 13.75, 12.25, 13.25], "texture": "#0"},
				"down": {"uv": [12.75, 13.25, 12.5, 13.75], "texture": "#0"}
			}
		},
		{
			"from": [6, -0.7, 7.5],
			"to": [7, 1.3, 9.5],
			"rotation": {"angle": 0, "axis": "y", "origin": [6, 1, 8]},
			"faces": {
				"north": {"uv": [12.75, 13.25, 13, 13.75], "texture": "#0"},
				"east": {"uv": [0.5, 13.25, 1, 13.75], "texture": "#0"},
				"south": {"uv": [13.25, 12.75, 13.5, 13.25], "texture": "#0"},
				"west": {"uv": [1, 13.25, 1.5, 13.75], "texture": "#0"},
				"up": {"uv": [13.25, 13.75, 13, 13.25], "texture": "#0"},
				"down": {"uv": [13.5, 13.25, 13.25, 13.75], "texture": "#0"}
			}
		},
		{
			"from": [9, -0.7, 15],
			"to": [10, 1.3, 17],
			"rotation": {"angle": 0, "axis": "y", "origin": [9, 1, 16]},
			"faces": {
				"north": {"uv": [3, 13.5, 3.25, 14], "texture": "#0"},
				"east": {"uv": [1.5, 13.25, 2, 13.75], "texture": "#0"},
				"south": {"uv": [3.25, 13.5, 3.5, 14], "texture": "#0"},
				"west": {"uv": [2, 13.25, 2.5, 13.75], "texture": "#0"},
				"up": {"uv": [3.75, 14, 3.5, 13.5], "texture": "#0"},
				"down": {"uv": [4, 13.5, 3.75, 14], "texture": "#0"}
			}
		},
		{
			"from": [9, -0.7, 19.5],
			"to": [10, 1.3, 21.5],
			"rotation": {"angle": 0, "axis": "y", "origin": [9, 1, 20]},
			"faces": {
				"north": {"uv": [13.5, 4.5, 13.75, 5], "texture": "#0"},
				"east": {"uv": [13.25, 2, 13.75, 2.5], "texture": "#0"},
				"south": {"uv": [13.5, 5, 13.75, 5.5], "texture": "#0"},
				"west": {"uv": [2.5, 13.25, 3, 13.75], "texture": "#0"},
				"up": {"uv": [13.75, 6, 13.5, 5.5], "texture": "#0"},
				"down": {"uv": [7.25, 13.5, 7, 14], "texture": "#0"}
			}
		},
		{
			"from": [6, -0.7, 19.5],
			"to": [7, 1.3, 21.5],
			"rotation": {"angle": 0, "axis": "y", "origin": [6, 1, 20]},
			"faces": {
				"north": {"uv": [7.25, 13.5, 7.5, 14], "texture": "#0"},
				"east": {"uv": [13.25, 2.5, 13.75, 3], "texture": "#0"},
				"south": {"uv": [7.5, 13.5, 7.75, 14], "texture": "#0"},
				"west": {"uv": [13.25, 3, 13.75, 3.5], "texture": "#0"},
				"up": {"uv": [8, 14, 7.75, 13.5], "texture": "#0"},
				"down": {"uv": [8.25, 13.5, 8, 14], "texture": "#0"}
			}
		},
		{
			"from": [9, -0.7, 29],
			"to": [10, 1.3, 31],
			"rotation": {"angle": 0, "axis": "y", "origin": [9, 1, 30]},
			"faces": {
				"north": {"uv": [8.25, 13.5, 8.5, 14], "texture": "#0"},
				"east": {"uv": [13.25, 3.5, 13.75, 4], "texture": "#0"},
				"south": {"uv": [8.5, 13.5, 8.75, 14], "texture": "#0"},
				"west": {"uv": [13.25, 4, 13.75, 4.5], "texture": "#0"},
				"up": {"uv": [13.75, 9, 13.5, 8.5], "texture": "#0"},
				"down": {"uv": [9, 13.5, 8.75, 14], "texture": "#0"}
			}
		}
	],
	"display": {
		"thirdperson_righthand": {
			"rotation": [90, 0, 0],
			"translation": [-6, -80, 15],
			"scale": [4, 4, 4]
		}
	},
	"groups": [
		{
			"name": "group",
			"origin": [8, 8, 8],
			"color": 0,
			"children": [
				{
					"name": "Main",
					"origin": [-2, 0, 10],
					"color": 0,
					"children": [0, 1, 2]
				},
				{
					"name": "mid",
					"origin": [-2, 0, -3],
					"color": 0,
					"children": [3]
				},
				{
					"name": "head",
					"origin": [8, 8, 8],
					"color": 0,
					"children": [4, 5, 6, 7, 8]
				},
				{
					"name": "group",
					"origin": [8, 8, 8],
					"color": 0,
					"children": [9, 10, 11, 12, 13, 14, 15, 16, 17, 18, 19, 20]
				}
			]
		}
	]
}