{
	"credit": "Made with Blockbench",
	"texture_size": [256, 256],
	"textures": {
		"0": "item/ufo",
		"particle": "item/ufo"
	},
	"elements": [
		{
			"from": [-16, -1, -16],
			"to": [32, 3, 32],
			"faces": {
				"north": {"uv": [6.75, 2, 9.75, 2.25], "texture": "#0"},
				"east": {"uv": [6.75, 2.25, 9.75, 2.5], "texture": "#0"},
				"south": {"uv": [6.75, 2.5, 9.75, 2.75], "texture": "#0"},
				"west": {"uv": [6.75, 2.75, 9.75, 3], "texture": "#0"},
				"up": {"uv": [3, 3, 0, 0], "texture": "#0"},
				"down": {"uv": [3, 3, 0, 6], "texture": "#0"}
			}
		},
		{
			"from": [1, 6, 23],
			"to": [14, 13, 28],
			"rotation": {"angle": -45, "axis": "x", "origin": [0, 4, 29]},
			"faces": {
				"north": {"uv": [6.75, 3.8125, 7.5625, 4.25], "texture": "#0"},
				"east": {"uv": [2.125, 7.375, 2.4375, 7.8125], "texture": "#0"},
				"south": {"uv": [5.625, 7.5, 6.4375, 7.9375], "texture": "#0"},
				"west": {"uv": [2.4375, 7.375, 2.75, 7.8125], "texture": "#0"},
				"up": {"uv": [8.375, 4.125, 7.5625, 3.8125], "texture": "#0"},
				"down": {"uv": [8.375, 4.125, 7.5625, 4.4375], "texture": "#0"}
			}
		},
		{
			"from": [1, 1, -13],
			"to": [14, 8, -8],
			"rotation": {"angle": 45, "axis": "x", "origin": [0, -1, -7]},
			"faces": {
				"north": {"uv": [6.4375, 7.5, 7.25, 7.9375], "texture": "#0"},
				"east": {"uv": [0.75, 7.5, 1.0625, 7.9375], "texture": "#0"},
				"south": {"uv": [7.25, 7.5, 8.0625, 7.9375], "texture": "#0"},
				"west": {"uv": [1.0625, 7.5, 1.375, 7.9375], "texture": "#0"},
				"up": {"uv": [8.4375, 6.8125, 7.625, 6.5], "texture": "#0"},
				"down": {"uv": [8.4375, 6.8125, 7.625, 7.125], "texture": "#0"}
			}
		},
		{
			"from": [-11, -3, -11],
			"to": [27, 5, 27],
			"rotation": {"angle": 0, "axis": "y", "origin": [0, 3, 0]},
			"faces": {
				"north": {"uv": [6.75, 0, 9.125, 0.5], "texture": "#0"},
				"east": {"uv": [6.75, 0.5, 9.125, 1], "texture": "#0"},
				"south": {"uv": [6.75, 1, 9.125, 1.5], "texture": "#0"},
				"west": {"uv": [6.75, 1.5, 9.125, 2], "texture": "#0"},
				"up": {"uv": [5.375, 2.375, 3, 0], "texture": "#0"},
				"down": {"uv": [5.375, 2.375, 3, 4.75], "texture": "#0"}
			}
		},
		{
			"from": [-6, -5, -6],
			"to": [22, 11, 22],
			"rotation": {"angle": 0, "axis": "y", "origin": [0, 3, 0]},
			"faces": {
				"north": {"uv": [4.125, 6.5, 5.875, 7.5], "texture": "#0"},
				"east": {"uv": [6.5, 4.5, 8.25, 5.5], "texture": "#0"},
				"south": {"uv": [6.5, 5.5, 8.25, 6.5], "texture": "#0"},
				"west": {"uv": [5.875, 6.5, 7.625, 7.5], "texture": "#0"},
				"up": {"uv": [4.75, 6.5, 3, 4.75], "texture": "#0"},
				"down": {"uv": [6.5, 4.75, 4.75, 6.5], "texture": "#0"}
			}
		},
		{
			"from": [-3, -4, -3],
			"to": [19, 20, 19],
			"rotation": {"angle": 0, "axis": "y", "origin": [0, 3, 0]},
			"faces": {
				"north": {"uv": [5.375, 0, 6.75, 1.5], "texture": "#0"},
				"east": {"uv": [5.375, 1.5, 6.75, 3], "texture": "#0"},
				"south": {"uv": [5.375, 3, 6.75, 4.5], "texture": "#0"},
				"west": {"uv": [0, 6, 1.375, 7.5], "texture": "#0"},
				"up": {"uv": [2.75, 7.375, 1.375, 6], "texture": "#0"},
				"down": {"uv": [4.125, 6.5, 2.75, 7.875], "texture": "#0"}
			}
		},
		{
			"from": [2, -8, 2],
			"to": [14, 5, 14],
			"rotation": {"angle": 0, "axis": "y", "origin": [0, 3, 0]},
			"faces": {
				"north": {"uv": [6.75, 3, 7.5, 3.8125], "texture": "#0"},
				"east": {"uv": [1.375, 7.375, 2.125, 8.1875], "texture": "#0"},
				"south": {"uv": [0, 7.5, 0.75, 8.3125], "texture": "#0"},
				"west": {"uv": [7.5, 3, 8.25, 3.8125], "texture": "#0"},
				"up": {"uv": [4.875, 8.25, 4.125, 7.5], "texture": "#0"},
				"down": {"uv": [5.625, 7.5, 4.875, 8.25], "texture": "#0"}
			}
		}
	],
	"display": {
		"thirdperson_righthand": {
			"rotation": [90, 0, 0],
			"translation": [-6, -2, 50],
			"scale": [4, 4, 4]
		}
	},
	"groups": [
		{
			"name": "group",
			"origin": [0, 0, 0],
			"color": 0,
			"children": [0, 1, 2, 3, 4, 5, 6]
		}
	]
}