{
    "parent": "minecraft:item/generated",
    "textures": {
        "layer0": "item/iron_ingot"
    },

    "overrides": [
        {"predicate": {"custom_model_data":501}, "model": "item/rikafull"},
        {"predicate": {"custom_model_data":502}, "model": "item/rikafulladvance"},
        {"predicate": {"custom_model_data":503}, "model": "item/rikafullgrab"},
        {"predicate": {"custom_model_data":504}, "model": "item/rikafullblast"},
        {"predicate": {"custom_model_data":601}, "model": "item/rikaincomplete"},
        {"predicate": {"custom_model_data":602}, "model": "item/rikaincompletegrab"},
        {"predicate": {"custom_model_data":603}, "model": "item/rikaincompleteadvance"}

    ]
}