{
	"credit": "Made with Blockbench",
	"texture_size": [32, 32],
	"textures": {
		"1": "item/rikaincomplete"
	},
	"elements": [
		{
			"from": [0.80711, 2.87868, 1],
			"to": [8.80711, 6.87868, 5],
			"rotation": {"angle": -22.5, "axis": "z", "origin": [3, 5, 7]},
			"faces": {
				"north": {"uv": [0, 2, 4, 4], "texture": "#1"},
				"east": {"uv": [10, 0, 12, 2], "texture": "#1"},
				"south": {"uv": [0, 0, 4, 2], "texture": "#1"},
				"west": {"uv": [10.5, 2, 12.5, 4], "texture": "#1"},
				"up": {"uv": [2, 8, 0, 4], "rotation": 90, "texture": "#1"},
				"down": {"uv": [6, 0, 4, 4], "rotation": 270, "texture": "#1"}
			}
		},
		{
			"from": [7, 3, 1.5],
			"to": [11, 7, 5.5],
			"rotation": {"angle": -22.5, "axis": "z", "origin": [3, 5, 7]},
			"faces": {
				"north": {"uv": [5, 11, 7, 13], "texture": "#1"},
				"east": {"uv": [10.5, 7, 12.5, 9], "texture": "#1"},
				"south": {"uv": [10.5, 9, 12.5, 11], "texture": "#1"},
				"west": {"uv": [3, 11, 5, 13], "texture": "#1"},
				"up": {"uv": [9, 13, 7, 11], "rotation": 90, "texture": "#1"},
				"down": {"uv": [12.5, 11, 10.5, 13], "rotation": 270, "texture": "#1"}
			}
		},
		{
			"from": [12.71447, 7, 0.53553],
			"to": [16.71447, 11, 8.53553],
			"rotation": {"angle": 22.5, "axis": "y", "origin": [15, 12, 7]},
			"faces": {
				"north": {"uv": [11.5, 4, 13.5, 6], "texture": "#1"},
				"east": {"uv": [2, 4, 6, 6], "texture": "#1"},
				"south": {"uv": [12, 0, 14, 2], "texture": "#1"},
				"west": {"uv": [6, 0, 10, 2], "texture": "#1"},
				"up": {"uv": [4, 10, 2, 6], "texture": "#1"},
				"down": {"uv": [8, 2, 6, 6], "texture": "#1"}
			}
		},
		{
			"from": [10.75, 7.5, -1.63604],
			"to": [14.75, 11.5, 2.36396],
			"rotation": {"angle": 22.5, "axis": "y", "origin": [15, 10, 7]},
			"faces": {
				"north": {"uv": [12.5, 2, 14.5, 4], "texture": "#1"},
				"east": {"uv": [12.5, 6, 14.5, 8], "texture": "#1"},
				"south": {"uv": [12.5, 8, 14.5, 10], "texture": "#1"},
				"west": {"uv": [12.5, 10, 14.5, 12], "texture": "#1"},
				"up": {"uv": [14.5, 14, 12.5, 12], "texture": "#1"},
				"down": {"uv": [2, 13, 0, 15], "texture": "#1"}
			}
		},
		{
			"from": [3.5, 13, 8],
			"to": [8.5, 18, 13],
			"rotation": {"angle": 22.5, "axis": "z", "origin": [7, 14, 1]},
			"faces": {
				"north": {"uv": [4, 6, 6.5, 8.5], "texture": "#1"},
				"east": {"uv": [6.5, 6, 9, 8.5], "texture": "#1"},
				"south": {"uv": [8, 2, 10.5, 4.5], "texture": "#1"},
				"west": {"uv": [4, 8.5, 6.5, 11], "texture": "#1"},
				"up": {"uv": [9, 11, 6.5, 8.5], "texture": "#1"},
				"down": {"uv": [11.5, 4.5, 9, 7], "texture": "#1"}
			}
		},
		{
			"from": [4.5, 8, 8.5],
			"to": [7.5, 14, 11.5],
			"rotation": {"angle": 22.5, "axis": "z", "origin": [7, 14, 3]},
			"faces": {
				"north": {"uv": [0, 8, 1.5, 11], "texture": "#1"},
				"east": {"uv": [9, 7, 10.5, 10], "texture": "#1"},
				"south": {"uv": [1.5, 10, 3, 13], "texture": "#1"},
				"west": {"uv": [9, 10, 10.5, 13], "texture": "#1"},
				"up": {"uv": [1.5, 12.5, 0, 11], "texture": "#1"},
				"down": {"uv": [3.5, 13, 2, 14.5], "texture": "#1"}
			}
		}
	],
	"display": {
		"thirdperson_righthand": {
			"scale": [4, 4, 4]
		},
		"head": {
			"translation": [0, -70.75, 0],
			"scale": [4, 4, 4]
		}
	},
	"groups": [
		{
			"name": "group",
			"origin": [8, 8, 8],
			"color": 0,
			"children": [
				{
					"name": "arm",
					"origin": [8, 8, 8],
					"color": 0,
					"children": [
						{
							"name": "left",
							"origin": [8, 8, 8],
							"color": 0,
							"children": [
								0,
								{
									"name": "group",
									"origin": [8, 8, 8],
									"color": 0,
									"children": [1]
								}
							]
						},
						{
							"name": "right",
							"origin": [8, 8, 8],
							"color": 0,
							"children": [
								2,
								{
									"name": "group",
									"origin": [8, 8, 8],
									"color": 0,
									"children": [3]
								}
							]
						}
					]
				},
				{
					"name": "head",
					"origin": [8, 8, 8],
					"color": 0,
					"children": [4, 5]
				}
			]
		}
	]
}