{
	"credit": "Made with Blockbench",
	"texture_size": [64, 64],
	"textures": {
		"0": "item/rikafull",
		"particle": "item/rikafull"
	},
	"elements": [
		{
			"from": [5.5, 4, 5],
			"to": [10.5, 10, 9],
			"rotation": {"angle": -45, "axis": "x", "origin": [8, 9, 7]},
			"faces": {
				"north": {"uv": [2, 2, 3.25, 3.5], "texture": "#0"},
				"east": {"uv": [2, 3.5, 3, 5], "texture": "#0"},
				"south": {"uv": [0, 3, 1.25, 4.5], "texture": "#0"},
				"west": {"uv": [4, 0, 5, 1.5], "texture": "#0"},
				"up": {"uv": [7.25, 1, 6, 0], "texture": "#0"},
				"down": {"uv": [7.25, 1, 6, 2], "texture": "#0"}
			}
		},
		{
			"from": [6, 5.75509, 10.61584],
			"to": [10, 8.75509, 16.61584],
			"rotation": {"angle": 22.5, "axis": "x", "origin": [8, 9, 7]},
			"faces": {
				"north": {"uv": [8.5, 6, 7.5, 5.25], "rotation": 180, "texture": "#0"},
				"east": {"uv": [3.75, 6, 4.5, 7.5], "rotation": 90, "texture": "#0"},
				"south": {"uv": [6.75, 7.5, 5.75, 8.25], "texture": "#0"},
				"west": {"uv": [5.75, 6, 6.5, 7.5], "rotation": 270, "texture": "#0"},
				"up": {"uv": [4, 3, 5, 4.5], "texture": "#0"},
				"down": {"uv": [4, 1.5, 5, 3], "rotation": 180, "texture": "#0"}
			}
		},
		{
			"from": [6.75, 2.71748, 13.57682],
			"to": [9.25, 5.21748, 20.57682],
			"rotation": {"angle": 22.5, "axis": "x", "origin": [8, 4, 14]},
			"faces": {
				"north": {"uv": [5, 10, 5.625, 10.625], "texture": "#0"},
				"east": {"uv": [6.75, 3.5, 8.5, 4.125], "texture": "#0"},
				"south": {"uv": [5.75, 10, 6.375, 10.625], "texture": "#0"},
				"west": {"uv": [7.25, 0, 9, 0.625], "texture": "#0"},
				"up": {"uv": [1.375, 8.75, 0.75, 7], "texture": "#0"},
				"down": {"uv": [7.875, 6, 7.25, 7.75], "texture": "#0"}
			}
		},
		{
			"from": [7.25, 1.11059, 19.27636],
			"to": [8.75, 2.61059, 27.27636],
			"rotation": {"angle": 0, "axis": "x", "origin": [8, 4, 14]},
			"faces": {
				"north": {"uv": [1.25, 10.25, 1.625, 10.625], "texture": "#0"},
				"east": {"uv": [6.75, 7.75, 8.75, 8.125], "texture": "#0"},
				"south": {"uv": [10.25, 6.25, 10.625, 6.625], "texture": "#0"},
				"west": {"uv": [8, 0.75, 10, 1.125], "texture": "#0"},
				"up": {"uv": [0.375, 9.75, 0, 7.75], "texture": "#0"},
				"down": {"uv": [4.875, 7.75, 4.5, 9.75], "texture": "#0"}
			}
		},
		{
			"from": [4, 11, 3.5],
			"to": [12, 17, 7.5],
			"rotation": {"angle": -22.5, "axis": "x", "origin": [7, 14, 6]},
			"faces": {
				"north": {"uv": [0, 0, 2, 1.5], "texture": "#0"},
				"east": {"uv": [3, 4.25, 4, 5.75], "texture": "#0"},
				"south": {"uv": [0, 1.5, 2, 3], "texture": "#0"},
				"west": {"uv": [0, 4.5, 1, 6], "texture": "#0"},
				"up": {"uv": [4, 1, 2, 0], "texture": "#0"},
				"down": {"uv": [4, 1, 2, 2], "texture": "#0"}
			}
		},
		{
			"from": [6, 7, 5.5],
			"to": [10, 13, 8.5],
			"rotation": {"angle": -22.5, "axis": "x", "origin": [7, 10, 7]},
			"faces": {
				"north": {"uv": [4, 4.5, 5, 6], "texture": "#0"},
				"east": {"uv": [4.5, 6.25, 5.25, 7.75], "texture": "#0"},
				"south": {"uv": [5, 0, 6, 1.5], "texture": "#0"},
				"west": {"uv": [1.75, 6.5, 2.5, 8], "texture": "#0"},
				"up": {"uv": [9, 2, 8, 1.25], "texture": "#0"},
				"down": {"uv": [2.5, 8, 1.5, 8.75], "texture": "#0"}
			}
		},
		{
			"from": [6, 13, 2.5],
			"to": [10, 19, 5.5],
			"rotation": {"angle": -22.5, "axis": "x", "origin": [8, 17, 4]},
			"faces": {
				"north": {"uv": [5, 1.5, 6, 3], "texture": "#0"},
				"east": {"uv": [6.5, 6, 7.25, 7.5], "texture": "#0"},
				"south": {"uv": [2, 5, 3, 6.5], "texture": "#0"},
				"west": {"uv": [6.75, 2, 7.5, 3.5], "texture": "#0"},
				"up": {"uv": [9, 6.75, 8, 6], "texture": "#0"},
				"down": {"uv": [9, 6.75, 8, 7.5], "texture": "#0"}
			}
		},
		{
			"from": [3, 13, 3.5],
			"to": [6, 16, 6.5],
			"rotation": {"angle": -22.5, "axis": "z", "origin": [5, 15, 3]},
			"faces": {
				"north": {"uv": [7.75, 9, 8.5, 9.75], "rotation": 90, "texture": "#0"},
				"east": {"uv": [10, 3.5, 9.25, 4.25], "rotation": 270, "texture": "#0"},
				"south": {"uv": [9, 9, 9.75, 9.75], "rotation": 270, "texture": "#0"},
				"west": {"uv": [10, 3.5, 9.25, 2.75], "rotation": 270, "texture": "#0"},
				"up": {"uv": [9, 8.25, 9.75, 9], "rotation": 270, "texture": "#0"},
				"down": {"uv": [9.25, 2, 10, 2.75], "rotation": 270, "texture": "#0"}
			}
		},
		{
			"from": [3.25, 9, 3.75],
			"to": [5.75, 13.5, 6.25],
			"rotation": {"angle": -22.5, "axis": "z", "origin": [5, 15, 3]},
			"faces": {
				"north": {"uv": [8.5, 5, 9.625, 5.625], "rotation": 90, "texture": "#0"},
				"east": {"uv": [10.125, 0, 9, 0.625], "rotation": 270, "texture": "#0"},
				"south": {"uv": [0.5, 8.75, 1.625, 9.375], "rotation": 270, "texture": "#0"},
				"west": {"uv": [9.875, 8.125, 8.75, 7.5], "rotation": 270, "texture": "#0"},
				"up": {"uv": [10, 7.25, 10.625, 7.875], "rotation": 270, "texture": "#0"},
				"down": {"uv": [10, 9.75, 10.625, 10.375], "rotation": 270, "texture": "#0"}
			}
		},
		{
			"from": [1, 2.9, 4],
			"to": [4, 9.9, 7],
			"rotation": {"angle": 22.5, "axis": "x", "origin": [5, 10, 6]},
			"faces": {
				"north": {"uv": [5.75, 6.25, 5, 4.5], "rotation": 180, "texture": "#0"},
				"east": {"uv": [5, 3, 6.75, 3.75], "rotation": 90, "texture": "#0"},
				"south": {"uv": [1.75, 5.25, 1, 7], "texture": "#0"},
				"west": {"uv": [5, 3.75, 6.75, 4.5], "rotation": 270, "texture": "#0"},
				"up": {"uv": [5, 9.25, 5.75, 10], "texture": "#0"},
				"down": {"uv": [9.25, 4.25, 10, 5], "rotation": 180, "texture": "#0"}
			}
		},
		{
			"from": [1.96508, 2, 1.68925],
			"to": [4.96508, 6, 4.68925],
			"rotation": {"angle": 22.5, "axis": "x", "origin": [2, 6, 3]},
			"faces": {
				"north": {"uv": [5.75, 9.25, 5, 8.25], "rotation": 180, "texture": "#0"},
				"east": {"uv": [3.5, 8.25, 4.5, 9], "rotation": 90, "texture": "#0"},
				"south": {"uv": [6.5, 8.25, 5.75, 9.25], "texture": "#0"},
				"west": {"uv": [8.25, 4.25, 9.25, 5], "rotation": 270, "texture": "#0"},
				"up": {"uv": [0.5, 9.5, 1.25, 10.25], "texture": "#0"},
				"down": {"uv": [5.75, 9.25, 6.5, 10], "rotation": 180, "texture": "#0"}
			}
		},
		{
			"from": [10, 13, 3.5],
			"to": [13, 16, 6.5],
			"rotation": {"angle": 22.5, "axis": "z", "origin": [11, 15, 3]},
			"faces": {
				"north": {"uv": [1.25, 9.5, 2, 10.25], "rotation": 270, "texture": "#0"},
				"east": {"uv": [7.25, 10.5, 6.5, 9.75], "rotation": 90, "texture": "#0"},
				"south": {"uv": [3.75, 9.75, 4.5, 10.5], "rotation": 90, "texture": "#0"},
				"west": {"uv": [8, 9.75, 7.25, 10.5], "rotation": 90, "texture": "#0"},
				"up": {"uv": [9.75, 5, 10.5, 5.75], "rotation": 90, "texture": "#0"},
				"down": {"uv": [3, 9.75, 3.75, 10.5], "rotation": 90, "texture": "#0"}
			}
		},
		{
			"from": [11.54289, 9.62132, 3.75],
			"to": [14.04289, 14.12132, 6.25],
			"rotation": {"angle": 22.5, "axis": "z", "origin": [13, 14, 3]},
			"faces": {
				"north": {"uv": [9, 1.25, 10.125, 1.875], "rotation": 270, "texture": "#0"},
				"east": {"uv": [7.625, 9.625, 6.5, 9], "rotation": 90, "texture": "#0"},
				"south": {"uv": [9, 5.75, 10.125, 6.375], "rotation": 90, "texture": "#0"},
				"west": {"uv": [10.125, 6.5, 9, 7.125], "rotation": 90, "texture": "#0"},
				"up": {"uv": [0.5, 10.25, 1.125, 10.875], "rotation": 90, "texture": "#0"},
				"down": {"uv": [10.25, 0, 10.875, 0.625], "rotation": 90, "texture": "#0"}
			}
		},
		{
			"from": [13.25, 4.36396, 3.70711],
			"to": [16.25, 11.36396, 6.70711],
			"rotation": {"angle": 22.5, "axis": "x", "origin": [13, 11, 5]},
			"faces": {
				"north": {"uv": [3.75, 7.5, 3, 5.75], "rotation": 180, "texture": "#0"},
				"east": {"uv": [5.75, 4.5, 7.5, 5.25], "rotation": 90, "texture": "#0"},
				"south": {"uv": [0.75, 6, 0, 7.75], "texture": "#0"},
				"west": {"uv": [5.75, 5.25, 7.5, 6], "rotation": 270, "texture": "#0"},
				"up": {"uv": [9.75, 8.25, 10.5, 9], "texture": "#0"},
				"down": {"uv": [8, 9.75, 8.75, 10.5], "rotation": 180, "texture": "#0"}
			}
		},
		{
			"from": [12.75, 1.36396, 3.60711],
			"to": [15.75, 5.36396, 6.60711],
			"rotation": {"angle": 22.5, "axis": "x", "origin": [15, 11, 5]},
			"faces": {
				"north": {"uv": [6.75, 3, 6, 2], "rotation": 180, "texture": "#0"},
				"east": {"uv": [7.5, 2.5, 8.5, 3.25], "rotation": 90, "texture": "#0"},
				"south": {"uv": [8.25, 4.25, 7.5, 5.25], "texture": "#0"},
				"west": {"uv": [3.5, 7.5, 4.5, 8.25], "rotation": 270, "texture": "#0"},
				"up": {"uv": [3.5, 9, 4.25, 9.75], "texture": "#0"},
				"down": {"uv": [1.75, 8.75, 2.5, 9.5], "rotation": 180, "texture": "#0"}
			}
		},
		{
			"from": [6.5, 18, 0],
			"to": [9.5, 21, 4],
			"rotation": {"angle": 0, "axis": "x", "origin": [7, 18, 0]},
			"faces": {
				"north": {"uv": [8.75, 9.75, 9.5, 10.5], "texture": "#0"},
				"east": {"uv": [6.5, 8.25, 7.5, 9], "texture": "#0"},
				"south": {"uv": [9.75, 9, 10.5, 9.75], "texture": "#0"},
				"west": {"uv": [7.5, 8.25, 8.5, 9], "texture": "#0"},
				"up": {"uv": [9.25, 3, 8.5, 2], "texture": "#0"},
				"down": {"uv": [9.25, 3, 8.5, 4], "texture": "#0"}
			}
		},
		{
			"from": [7, 15, 0.5],
			"to": [9, 19, 2.5],
			"rotation": {"angle": 0, "axis": "x", "origin": [7, 18, 2]},
			"faces": {
				"north": {"uv": [2, 9.5, 2.5, 10.5], "texture": "#0"},
				"east": {"uv": [0, 9.75, 0.5, 10.75], "texture": "#0"},
				"south": {"uv": [4.5, 9.75, 5, 10.75], "texture": "#0"},
				"west": {"uv": [9.5, 9.75, 10, 10.75], "texture": "#0"},
				"up": {"uv": [8.5, 2.5, 8, 2], "texture": "#0"},
				"down": {"uv": [3.5, 9.25, 3, 9.75], "texture": "#0"}
			}
		},
		{
			"from": [7, 15, 0.5],
			"to": [7, 19, 2.5],
			"rotation": {"angle": -22.5, "axis": "z", "origin": [8, 18, 2]},
			"faces": {
				"north": {"uv": [0, 0, 0, 1], "texture": "#0"},
				"east": {"uv": [10, 2, 10.5, 3], "texture": "#0"},
				"south": {"uv": [0, 0, 0, 1], "texture": "#0"},
				"west": {"uv": [2.5, 10, 3, 11], "texture": "#0"},
				"up": {"uv": [0, 0.5, 0, 0], "texture": "#0"},
				"down": {"uv": [0, 0, 0, 0.5], "texture": "#0"}
			}
		},
		{
			"from": [9, 15, 0.5],
			"to": [9, 19, 2.5],
			"rotation": {"angle": 22.5, "axis": "z", "origin": [8, 18, 2]},
			"faces": {
				"north": {"uv": [0, 0, 0, 1], "texture": "#0"},
				"east": {"uv": [10, 3, 10.5, 4], "texture": "#0"},
				"south": {"uv": [0, 0, 0, 1], "texture": "#0"},
				"west": {"uv": [10, 4, 10.5, 5], "texture": "#0"},
				"up": {"uv": [0, 0.5, 0, 0], "texture": "#0"},
				"down": {"uv": [0, 0, 0, 0.5], "texture": "#0"}
			}
		},
		{
			"from": [7, 20, 3],
			"to": [9, 20.5, 9],
			"rotation": {"angle": 0, "axis": "x", "origin": [7, 19, 4]},
			"faces": {
				"north": {"uv": [4.5, 6, 5, 6.125], "texture": "#0"},
				"east": {"uv": [10.25, 5.75, 11.75, 5.875], "texture": "#0"},
				"south": {"uv": [6.75, 7.5, 7.25, 7.625], "texture": "#0"},
				"west": {"uv": [10.25, 6, 11.75, 6.125], "texture": "#0"},
				"up": {"uv": [3, 10, 2.5, 8.5], "texture": "#0"},
				"down": {"uv": [9, 8.25, 8.5, 9.75], "texture": "#0"}
			}
		},
		{
			"from": [7, 20, 3],
			"to": [9, 20.5, 10],
			"rotation": {"angle": 22.5, "axis": "x", "origin": [7, 20, 4]},
			"faces": {
				"north": {"uv": [8, 7.5, 8.5, 7.625], "texture": "#0"},
				"east": {"uv": [10.25, 1.5, 12, 1.625], "texture": "#0"},
				"south": {"uv": [8.5, 4, 9, 4.125], "texture": "#0"},
				"west": {"uv": [10.25, 1.75, 12, 1.875], "texture": "#0"},
				"up": {"uv": [8, 2.5, 7.5, 0.75], "texture": "#0"},
				"down": {"uv": [3.5, 7.5, 3, 9.25], "texture": "#0"}
			}
		},
		{
			"from": [7, 19, 3],
			"to": [9, 19.5, 11],
			"rotation": {"angle": 22.5, "axis": "x", "origin": [7, 18, 4]},
			"faces": {
				"north": {"uv": [8.5, 5.75, 9, 5.875], "texture": "#0"},
				"east": {"uv": [10, 8, 12, 8.125], "texture": "#0"},
				"south": {"uv": [9, 7.25, 9.5, 7.375], "texture": "#0"},
				"west": {"uv": [10.25, 1.25, 12.25, 1.375], "texture": "#0"},
				"up": {"uv": [5.75, 8.25, 5.25, 6.25], "texture": "#0"},
				"down": {"uv": [3, 6.5, 2.5, 8.5], "texture": "#0"}
			}
		},
		{
			"from": [6.6, 19, 3],
			"to": [9.4, 19.5, 12],
			"rotation": {"angle": 45, "axis": "x", "origin": [9, 19, 4]},
			"faces": {
				"north": {"uv": [6.75, 4.25, 7.5, 4.375], "texture": "#0"},
				"east": {"uv": [10, 0.75, 12.25, 0.875], "texture": "#0"},
				"south": {"uv": [7.5, 3.25, 8.25, 3.375], "texture": "#0"},
				"west": {"uv": [10, 1, 12.25, 1.125], "texture": "#0"},
				"up": {"uv": [2, 5.25, 1.25, 3], "texture": "#0"},
				"down": {"uv": [4, 2, 3.25, 4.25], "texture": "#0"}
			}
		}
	],
	"display": {
		"thirdperson_righthand": {
			"scale": [4, 4, 4]
		},
		"head": {
			"translation": [0, -70.75, 0],
			"scale": [4, 4, 4]
		}
	},
	"groups": [
		{
			"name": "group",
			"origin": [8, 8, 8],
			"color": 0,
			"children": [
				{
					"name": "tail",
					"origin": [8, 8, 8],
					"color": 0,
					"children": [
						{
							"name": "group",
							"origin": [8, 8, 8],
							"color": 0,
							"children": [
								0,
								{
									"name": "group",
									"origin": [8, 8, 8],
									"color": 0,
									"children": [
										1,
										{
											"name": "group",
											"origin": [8, 0, 5],
											"color": 0,
											"children": [
												2,
												{
													"name": "group",
													"origin": [8, 0, 5],
													"color": 0,
													"children": [3]
												}
											]
										}
									]
								}
							]
						}
					]
				},
				{
					"name": "up",
					"origin": [8, 8, 8],
					"color": 0,
					"children": [
						4,
						5,
						6,
						{
							"name": "arm",
							"origin": [8, 8, 8],
							"color": 0,
							"children": [
								{
									"name": "left",
									"origin": [8, 8, 8],
									"color": 0,
									"children": [
										7,
										{
											"name": "group",
											"origin": [8, 8, 8],
											"color": 0,
											"children": [
												8,
												{
													"name": "group",
													"origin": [8, 8, 8],
													"color": 0,
													"children": [
														9,
														{
															"name": "group",
															"origin": [8, 8, 8],
															"color": 0,
															"children": [10]
														}
													]
												}
											]
										}
									]
								},
								{
									"name": "right",
									"origin": [8, 8, 8],
									"color": 0,
									"children": [
										11,
										{
											"name": "group",
											"origin": [8, 8, 8],
											"color": 0,
											"children": [
												12,
												{
													"name": "group",
													"origin": [8, 8, 8],
													"color": 0,
													"children": [
														13,
														{
															"name": "group",
															"origin": [8, 8, 8],
															"color": 0,
															"children": [14]
														}
													]
												}
											]
										}
									]
								}
							]
						},
						{
							"name": "head",
							"origin": [8, 8, 8],
							"color": 0,
							"children": [15, 16, 17, 18, 19, 20, 21, 22]
						}
					]
				}
			]
		}
	]
}