{
	"credit": "Made with Blockbench",
	"texture_size": [32, 32],
	"textures": {
		"0": "item/rikashikigami",
		"particle": "item/rikashikigami"
	},
	"elements": [
		{
			"from": [6, 7, 6],
			"to": [10, 13, 10],
			"rotation": {"angle": 0, "axis": "y", "origin": [7, 7, 6]},
			"faces": {
				"north": {"uv": [0, 6, 2, 9], "texture": "#0"},
				"east": {"uv": [2, 6, 4, 9], "texture": "#0"},
				"south": {"uv": [4, 6, 6, 9], "texture": "#0"},
				"west": {"uv": [6, 6, 8, 9], "texture": "#0"},
				"up": {"uv": [10.5, 5, 8.5, 3], "texture": "#0"},
				"down": {"uv": [2, 9, 0, 11], "texture": "#0"}
			}
		},
		{
			"from": [6.5, 6, 6.5],
			"to": [9.5, 12, 9.5],
			"rotation": {"angle": 0, "axis": "y", "origin": [7, 10, 6]},
			"faces": {
				"north": {"uv": [7, 0, 8.5, 3], "texture": "#0"},
				"east": {"uv": [7, 3, 8.5, 6], "texture": "#0"},
				"south": {"uv": [8, 6, 9.5, 9], "texture": "#0"},
				"west": {"uv": [8.5, 0, 10, 3], "texture": "#0"},
				"up": {"uv": [3.5, 10.5, 2, 9], "texture": "#0"},
				"down": {"uv": [5, 9, 3.5, 10.5], "texture": "#0"}
			}
		},
		{
			"from": [6.75, 3, 6.5],
			"to": [9.25, 6, 9],
			"rotation": {"angle": -22.5, "axis": "x", "origin": [8, 7, 8]},
			"faces": {
				"north": {"uv": [5, 9, 6.25, 10.5], "texture": "#0"},
				"east": {"uv": [6.5, 9, 7.75, 10.5], "texture": "#0"},
				"south": {"uv": [8, 9, 9.25, 10.5], "texture": "#0"},
				"west": {"uv": [9.5, 5, 10.75, 6.5], "texture": "#0"},
				"up": {"uv": [10.75, 7.75, 9.5, 6.5], "texture": "#0"},
				"down": {"uv": [10.75, 8, 9.5, 9.25], "texture": "#0"}
			}
		},
		{
			"from": [7, 5, 7.2],
			"to": [9, 7, 9],
			"rotation": {"angle": -22.5, "axis": "x", "origin": [8, 6, 9]},
			"faces": {
				"north": {"uv": [8.5, 5, 9.5, 6], "texture": "#0"},
				"east": {"uv": [9.5, 9.5, 10.5, 10.5], "texture": "#0"},
				"south": {"uv": [10, 0, 11, 1], "texture": "#0"},
				"west": {"uv": [10, 1, 11, 2], "texture": "#0"},
				"up": {"uv": [11, 3, 10, 2], "texture": "#0"},
				"down": {"uv": [3, 10.5, 2, 11.5], "texture": "#0"}
			}
		},
		{
			"from": [0, 8, 8],
			"to": [7, 14, 8],
			"rotation": {"angle": -22.5, "axis": "x", "origin": [8, 11, 8]},
			"faces": {
				"north": {"uv": [0, 0, 3.5, 3], "texture": "#0"},
				"east": {"uv": [0, 0, 0, 3], "texture": "#0"},
				"south": {"uv": [0, 3, 3.5, 6], "texture": "#0"},
				"west": {"uv": [0, 0, 0, 3], "texture": "#0"},
				"up": {"uv": [3.5, 0, 0, 0], "texture": "#0"},
				"down": {"uv": [3.5, 0, 0, 0], "texture": "#0"}
			}
		},
		{
			"from": [9, 8, 8],
			"to": [16, 14, 8],
			"rotation": {"angle": -22.5, "axis": "x", "origin": [8, 11, 8]},
			"faces": {
				"north": {"uv": [3.5, 0, 7, 3], "texture": "#0"},
				"east": {"uv": [0, 0, 0, 3], "texture": "#0"},
				"south": {"uv": [3.5, 3, 7, 6], "texture": "#0"},
				"west": {"uv": [0, 0, 0, 3], "texture": "#0"},
				"up": {"uv": [3.5, 0, 0, 0], "texture": "#0"},
				"down": {"uv": [3.5, 0, 0, 0], "texture": "#0"}
			}
		}
	],
	"display": {
		"thirdperson_righthand": {
			"rotation": [90, 0, 0]
		},
		"head": {
			"translation": [0, -8, -3],
			"scale": [2, 1.5, 1.5]
		}
	},
	"groups": [
		{
			"name": "group",
			"origin": [7, 6, 6],
			"color": 0,
			"children": [
				0,
				1,
				2,
				3,
				{
					"name": "group",
					"origin": [7, 6, 6],
					"color": 0,
					"children": [4, 5]
				}
			]
		}
	]
}