{
	"credit": "Made with Blockbench",
	"texture_size": [32, 32],
	"textures": {
		"1": "item/rikaincomplete"
	},
	"elements": [
		{
			"from": [0, 5.9, 6],
			"to": [4, 13.9, 10],
			"rotation": {"angle": 45, "axis": "x", "origin": [4, 10, 8]},
			"faces": {
				"north": {"uv": [2, 8, 0, 4], "rotation": 180, "texture": "#1"},
				"east": {"uv": [0, 0, 4, 2], "rotation": 90, "texture": "#1"},
				"south": {"uv": [6, 0, 4, 4], "texture": "#1"},
				"west": {"uv": [0, 2, 4, 4], "rotation": 270, "texture": "#1"},
				"up": {"uv": [10.5, 2, 12.5, 4], "texture": "#1"},
				"down": {"uv": [10, 0, 12, 2], "rotation": 180, "texture": "#1"}
			}
		},
		{
			"from": [0.5, 2, 6],
			"to": [4.5, 6, 10],
			"rotation": {"angle": 45, "axis": "x", "origin": [2, 10, 9]},
			"faces": {
				"north": {"uv": [9, 13, 7, 11], "rotation": 180, "texture": "#1"},
				"east": {"uv": [10.5, 9, 12.5, 11], "rotation": 90, "texture": "#1"},
				"south": {"uv": [12.5, 11, 10.5, 13], "texture": "#1"},
				"west": {"uv": [5, 11, 7, 13], "rotation": 270, "texture": "#1"},
				"up": {"uv": [3, 11, 5, 13], "texture": "#1"},
				"down": {"uv": [10.5, 7, 12.5, 9], "rotation": 180, "texture": "#1"}
			}
		},
		{
			"from": [11.25, 7.29289, 2.36396],
			"to": [15.25, 11.29289, 10.36396],
			"rotation": {"angle": -22.5, "axis": "y", "origin": [13, 10, 7]},
			"faces": {
				"north": {"uv": [11.5, 4, 13.5, 6], "texture": "#1"},
				"east": {"uv": [2, 4, 6, 6], "texture": "#1"},
				"south": {"uv": [12, 0, 14, 2], "texture": "#1"},
				"west": {"uv": [6, 0, 10, 2], "texture": "#1"},
				"up": {"uv": [4, 10, 2, 6], "texture": "#1"},
				"down": {"uv": [8, 2, 6, 6], "texture": "#1"}
			}
		},
		{
			"from": [10.75, 7.39289, 0.36396],
			"to": [14.75, 11.39289, 4.36396],
			"rotation": {"angle": -22.5, "axis": "y", "origin": [15, 10, 7]},
			"faces": {
				"north": {"uv": [12.5, 2, 14.5, 4], "texture": "#1"},
				"east": {"uv": [12.5, 6, 14.5, 8], "texture": "#1"},
				"south": {"uv": [12.5, 8, 14.5, 10], "texture": "#1"},
				"west": {"uv": [12.5, 10, 14.5, 12], "texture": "#1"},
				"up": {"uv": [14.5, 14, 12.5, 12], "texture": "#1"},
				"down": {"uv": [2, 13, 0, 15], "texture": "#1"}
			}
		},
		{
			"from": [5.5, 14, 1],
			"to": [10.5, 19, 6],
			"rotation": {"angle": 0, "axis": "x", "origin": [7, 14, 1]},
			"faces": {
				"north": {"uv": [4, 6, 6.5, 8.5], "texture": "#1"},
				"east": {"uv": [6.5, 6, 9, 8.5], "texture": "#1"},
				"south": {"uv": [8, 2, 10.5, 4.5], "texture": "#1"},
				"west": {"uv": [4, 8.5, 6.5, 11], "texture": "#1"},
				"up": {"uv": [9, 11, 6.5, 8.5], "texture": "#1"},
				"down": {"uv": [11.5, 4.5, 9, 7], "texture": "#1"}
			}
		},
		{
			"from": [6.5, 9, 1.5],
			"to": [9.5, 15, 4.5],
			"rotation": {"angle": 0, "axis": "x", "origin": [7, 14, 3]},
			"faces": {
				"north": {"uv": [0, 8, 1.5, 11], "texture": "#1"},
				"east": {"uv": [9, 7, 10.5, 10], "texture": "#1"},
				"south": {"uv": [1.5, 10, 3, 13], "texture": "#1"},
				"west": {"uv": [9, 10, 10.5, 13], "texture": "#1"},
				"up": {"uv": [1.5, 12.5, 0, 11], "texture": "#1"},
				"down": {"uv": [3.5, 13, 2, 14.5], "texture": "#1"}
			}
		}
	],
	"display": {
		"thirdperson_righthand": {
			"scale": [4, 4, 4]
		},
		"head": {
			"translation": [0, -70.75, 0],
			"scale": [4, 4, 4]
		}
	},
	"groups": [
		{
			"name": "group",
			"origin": [8, 8, 8],
			"color": 0,
			"children": [
				{
					"name": "arm",
					"origin": [8, 8, 8],
					"color": 0,
					"children": [
						{
							"name": "left",
							"origin": [8, 8, 8],
							"color": 0,
							"children": [
								0,
								{
									"name": "group",
									"origin": [8, 8, 8],
									"color": 0,
									"children": [1]
								}
							]
						},
						{
							"name": "right",
							"origin": [8, 8, 8],
							"color": 0,
							"children": [
								2,
								{
									"name": "group",
									"origin": [8, 8, 8],
									"color": 0,
									"children": [3]
								}
							]
						}
					]
				},
				{
					"name": "head",
					"origin": [8, 8, 8],
					"color": 0,
					"children": [4, 5]
				}
			]
		}
	]
}